"year","geography","condition","nhs_type","deck_area_thou","count_bridges"
1993,DVRPC Region,All,All,40130.7,4149
1993,DVRPC Region,All,NHS,31150.8,1731
1993,DVRPC Region,All,Non-NHS,8979.8,2418
1993,DVRPC Region,Fair,All,23657.3,2157
1993,DVRPC Region,Fair,NHS,19547.0,968
1993,DVRPC Region,Fair,Non-NHS,4110.3,1189
1993,DVRPC Region,Good,All,10238.6,1194
1993,DVRPC Region,Good,NHS,7257.7,531
1993,DVRPC Region,Good,Non-NHS,2980.9,663
1993,DVRPC Region,Poor,All,6234.7,798
1993,DVRPC Region,Poor,NHS,4346.1,232
1993,DVRPC Region,Poor,Non-NHS,1888.6,566
1993,NJ Counties Subregion,All,All,10431.1,1149
1993,NJ Counties Subregion,All,NHS,7253.8,468
1993,NJ Counties Subregion,All,Non-NHS,3177.3,681
1993,NJ Counties Subregion,Fair,All,5194.5,507
1993,NJ Counties Subregion,Fair,NHS,3983.4,208
1993,NJ Counties Subregion,Fair,Non-NHS,1211.1,299
1993,NJ Counties Subregion,Good,All,4215.0,453
1993,NJ Counties Subregion,Good,NHS,2649.9,199
1993,NJ Counties Subregion,Good,Non-NHS,1565.1,254
1993,NJ Counties Subregion,Poor,All,1021.5,189
1993,NJ Counties Subregion,Poor,NHS,620.5,61
1993,NJ Counties Subregion,Poor,Non-NHS,401.1,128
1993,PA Counties Subregion,All,All,29699.6,3000
1993,PA Counties Subregion,All,NHS,23897.0,1263
1993,PA Counties Subregion,All,Non-NHS,5802.5,1737
1993,PA Counties Subregion,Fair,All,18462.8,1650
1993,PA Counties Subregion,Fair,NHS,15563.6,760
1993,PA Counties Subregion,Fair,Non-NHS,2899.2,890
1993,PA Counties Subregion,Good,All,6023.6,741
1993,PA Counties Subregion,Good,NHS,4607.8,332
1993,PA Counties Subregion,Good,Non-NHS,1415.8,409
1993,PA Counties Subregion,Poor,All,5213.2,609
1993,PA Counties Subregion,Poor,NHS,3725.7,171
1993,PA Counties Subregion,Poor,Non-NHS,1487.5,438
1993,PA Suburban Counties Subregion,All,All,14181.4,2456
1993,PA Suburban Counties Subregion,All,NHS,10195.6,936
1993,PA Suburban Counties Subregion,All,Non-NHS,3985.7,1520
1993,PA Suburban Counties Subregion,Fair,All,7544.0,1359
1993,PA Suburban Counties Subregion,Fair,NHS,5537.1,571
1993,PA Suburban Counties Subregion,Fair,Non-NHS,2006.8,788
1993,PA Suburban Counties Subregion,Good,All,4081.0,613
1993,PA Suburban Counties Subregion,Good,NHS,3000.9,254
1993,PA Suburban Counties Subregion,Good,Non-NHS,1080.1,359
1993,PA Suburban Counties Subregion,Poor,All,2556.4,484
1993,PA Suburban Counties Subregion,Poor,NHS,1657.5,111
1993,PA Suburban Counties Subregion,Poor,Non-NHS,898.9,373
1993,Philadelphia County Subregion,All,All,15518.2,544
1993,Philadelphia County Subregion,All,NHS,13701.4,327
1993,Philadelphia County Subregion,All,Non-NHS,1816.8,217
1993,Philadelphia County Subregion,Fair,All,10918.8,291
1993,Philadelphia County Subregion,Fair,NHS,10026.4,189
1993,Philadelphia County Subregion,Fair,Non-NHS,892.4,102
1993,Philadelphia County Subregion,Good,All,1942.6,128
1993,Philadelphia County Subregion,Good,NHS,1606.8,78
1993,Philadelphia County Subregion,Good,Non-NHS,335.7,50
1993,Philadelphia County Subregion,Poor,All,2656.8,125
1993,Philadelphia County Subregion,Poor,NHS,2068.2,60
1993,Philadelphia County Subregion,Poor,Non-NHS,588.6,65
1994,DVRPC Region,All,All,40234.8,4163
1994,DVRPC Region,All,NHS,26903.1,1582
1994,DVRPC Region,All,Non-NHS,13331.7,2581
1994,DVRPC Region,Fair,All,23483.0,2175
1994,DVRPC Region,Fair,NHS,16925.5,886
1994,DVRPC Region,Fair,Non-NHS,6557.5,1289
1994,DVRPC Region,Good,All,10486.5,1203
1994,DVRPC Region,Good,NHS,6550.6,495
1994,DVRPC Region,Good,Non-NHS,3935.9,708
1994,DVRPC Region,Poor,All,6265.3,785
1994,DVRPC Region,Poor,NHS,3426.9,201
1994,DVRPC Region,Poor,Non-NHS,2838.3,584
1994,NJ Counties Subregion,All,All,10453.7,1151
1994,NJ Counties Subregion,All,NHS,7287.5,469
1994,NJ Counties Subregion,All,Non-NHS,3166.2,682
1994,NJ Counties Subregion,Fair,All,5352.4,528
1994,NJ Counties Subregion,Fair,NHS,4121.9,220
1994,NJ Counties Subregion,Fair,Non-NHS,1230.5,308
1994,NJ Counties Subregion,Good,All,4211.5,439
1994,NJ Counties Subregion,Good,NHS,2674.4,195
1994,NJ Counties Subregion,Good,Non-NHS,1537.1,244
1994,NJ Counties Subregion,Poor,All,889.9,184
1994,NJ Counties Subregion,Poor,NHS,491.3,54
1994,NJ Counties Subregion,Poor,Non-NHS,398.6,130
1994,PA Counties Subregion,All,All,29781.1,3012
1994,PA Counties Subregion,All,NHS,19615.5,1113
1994,PA Counties Subregion,All,Non-NHS,10165.5,1899
1994,PA Counties Subregion,Fair,All,18130.7,1647
1994,PA Counties Subregion,Fair,NHS,12803.7,666
1994,PA Counties Subregion,Fair,Non-NHS,5327.0,981
1994,PA Counties Subregion,Good,All,6275.0,764
1994,PA Counties Subregion,Good,NHS,3876.2,300
1994,PA Counties Subregion,Good,Non-NHS,2398.8,464
1994,PA Counties Subregion,Poor,All,5375.4,601
1994,PA Counties Subregion,Poor,NHS,2935.7,147
1994,PA Counties Subregion,Poor,Non-NHS,2439.7,454
1994,PA Suburban Counties Subregion,All,All,14306.9,2462
1994,PA Suburban Counties Subregion,All,NHS,8425.2,837
1994,PA Suburban Counties Subregion,All,Non-NHS,5881.7,1625
1994,PA Suburban Counties Subregion,Fair,All,7315.3,1346
1994,PA Suburban Counties Subregion,Fair,NHS,4669.8,497
1994,PA Suburban Counties Subregion,Fair,Non-NHS,2645.6,849
1994,PA Suburban Counties Subregion,Good,All,4441.5,640
1994,PA Suburban Counties Subregion,Good,NHS,2759.3,243
1994,PA Suburban Counties Subregion,Good,Non-NHS,1682.2,397
1994,PA Suburban Counties Subregion,Poor,All,2550.0,476
1994,PA Suburban Counties Subregion,Poor,NHS,996.1,97
1994,PA Suburban Counties Subregion,Poor,Non-NHS,1553.9,379
1994,Philadelphia County Subregion,All,All,15474.2,550
1994,Philadelphia County Subregion,All,NHS,11190.3,276
1994,Philadelphia County Subregion,All,Non-NHS,4283.8,274
1994,Philadelphia County Subregion,Fair,All,10815.3,301
1994,Philadelphia County Subregion,Fair,NHS,8133.9,169
1994,Philadelphia County Subregion,Fair,Non-NHS,2681.4,132
1994,Philadelphia County Subregion,Good,All,1833.5,124
1994,Philadelphia County Subregion,Good,NHS,1116.9,57
1994,Philadelphia County Subregion,Good,Non-NHS,716.6,67
1994,Philadelphia County Subregion,Poor,All,2825.3,125
1994,Philadelphia County Subregion,Poor,NHS,1939.5,50
1994,Philadelphia County Subregion,Poor,Non-NHS,885.8,75
1995,DVRPC Region,All,All,40384.6,4166
1995,DVRPC Region,All,NHS,26613.2,1583
1995,DVRPC Region,All,Non-NHS,13771.4,2583
1995,DVRPC Region,Fair,All,24144.5,2239
1995,DVRPC Region,Fair,NHS,17001.2,914
1995,DVRPC Region,Fair,Non-NHS,7143.3,1325
1995,DVRPC Region,Good,All,9834.4,1154
1995,DVRPC Region,Good,NHS,6075.0,472
1995,DVRPC Region,Good,Non-NHS,3759.3,682
1995,DVRPC Region,Poor,All,6405.7,773
1995,DVRPC Region,Poor,NHS,3537.0,197
1995,DVRPC Region,Poor,Non-NHS,2868.7,576
1995,NJ Counties Subregion,All,All,10506.1,1155
1995,NJ Counties Subregion,All,NHS,7312.9,472
1995,NJ Counties Subregion,All,Non-NHS,3193.2,683
1995,NJ Counties Subregion,Fair,All,5389.1,535
1995,NJ Counties Subregion,Fair,NHS,4141.0,219
1995,NJ Counties Subregion,Fair,Non-NHS,1248.2,316
1995,NJ Counties Subregion,Good,All,4303.5,444
1995,NJ Counties Subregion,Good,NHS,2741.0,204
1995,NJ Counties Subregion,Good,Non-NHS,1562.5,240
1995,NJ Counties Subregion,Poor,All,813.4,176
1995,NJ Counties Subregion,Poor,NHS,430.9,49
1995,NJ Counties Subregion,Poor,Non-NHS,382.5,127
1995,PA Counties Subregion,All,All,29878.4,3011
1995,PA Counties Subregion,All,NHS,19300.3,1111
1995,PA Counties Subregion,All,Non-NHS,10578.2,1900
1995,PA Counties Subregion,Fair,All,18755.3,1704
1995,PA Counties Subregion,Fair,NHS,12860.2,695
1995,PA Counties Subregion,Fair,Non-NHS,5895.2,1009
1995,PA Counties Subregion,Good,All,5530.9,710
1995,PA Counties Subregion,Good,NHS,3334.0,268
1995,PA Counties Subregion,Good,Non-NHS,2196.8,442
1995,PA Counties Subregion,Poor,All,5592.3,597
1995,PA Counties Subregion,Poor,NHS,3106.1,148
1995,PA Counties Subregion,Poor,Non-NHS,2486.2,449
1995,PA Suburban Counties Subregion,All,All,14347.3,2461
1995,PA Suburban Counties Subregion,All,NHS,7966.1,832
1995,PA Suburban Counties Subregion,All,Non-NHS,6381.2,1629
1995,PA Suburban Counties Subregion,Fair,All,7739.8,1378
1995,PA Suburban Counties Subregion,Fair,NHS,4443.9,506
1995,PA Suburban Counties Subregion,Fair,Non-NHS,3295.8,872
1995,PA Suburban Counties Subregion,Good,All,4126.5,609
1995,PA Suburban Counties Subregion,Good,NHS,2602.0,225
1995,PA Suburban Counties Subregion,Good,Non-NHS,1524.5,384
1995,PA Suburban Counties Subregion,Poor,All,2481.1,474
1995,PA Suburban Counties Subregion,Poor,NHS,920.2,101
1995,PA Suburban Counties Subregion,Poor,Non-NHS,1560.9,373
1995,Philadelphia County Subregion,All,All,15531.1,550
1995,Philadelphia County Subregion,All,NHS,11334.2,279
1995,Philadelphia County Subregion,All,Non-NHS,4196.9,271
1995,Philadelphia County Subregion,Fair,All,11015.6,326
1995,Philadelphia County Subregion,Fair,NHS,8416.3,189
1995,Philadelphia County Subregion,Fair,Non-NHS,2599.3,137
1995,Philadelphia County Subregion,Good,All,1404.4,101
1995,Philadelphia County Subregion,Good,NHS,732.1,43
1995,Philadelphia County Subregion,Good,Non-NHS,672.3,58
1995,Philadelphia County Subregion,Poor,All,3111.2,123
1995,Philadelphia County Subregion,Poor,NHS,2185.9,47
1995,Philadelphia County Subregion,Poor,Non-NHS,925.3,76
1996,DVRPC Region,All,All,40765.8,4111
1996,DVRPC Region,All,NHS,27718.2,1546
1996,DVRPC Region,All,Non-NHS,13047.6,2565
1996,DVRPC Region,Fair,All,24666.6,2250
1996,DVRPC Region,Fair,NHS,17898.9,897
1996,DVRPC Region,Fair,Non-NHS,6767.7,1353
1996,DVRPC Region,Good,All,9637.1,1084
1996,DVRPC Region,Good,NHS,6172.8,458
1996,DVRPC Region,Good,Non-NHS,3464.3,626
1996,DVRPC Region,Poor,All,6462.1,777
1996,DVRPC Region,Poor,NHS,3646.5,191
1996,DVRPC Region,Poor,Non-NHS,2815.6,586
1996,NJ Counties Subregion,All,All,10506.8,1155
1996,NJ Counties Subregion,All,NHS,7312.5,472
1996,NJ Counties Subregion,All,Non-NHS,3194.3,683
1996,NJ Counties Subregion,Fair,All,5458.3,543
1996,NJ Counties Subregion,Fair,NHS,4181.5,223
1996,NJ Counties Subregion,Fair,Non-NHS,1276.8,320
1996,NJ Counties Subregion,Good,All,4255.1,438
1996,NJ Counties Subregion,Good,NHS,2708.1,201
1996,NJ Counties Subregion,Good,Non-NHS,1547.0,237
1996,NJ Counties Subregion,Poor,All,793.3,174
1996,NJ Counties Subregion,Poor,NHS,422.9,48
1996,NJ Counties Subregion,Poor,Non-NHS,370.4,126
1996,PA Counties Subregion,All,All,30259.0,2956
1996,PA Counties Subregion,All,NHS,20405.7,1074
1996,PA Counties Subregion,All,Non-NHS,9853.4,1882
1996,PA Counties Subregion,Fair,All,19208.2,1707
1996,PA Counties Subregion,Fair,NHS,13717.4,674
1996,PA Counties Subregion,Fair,Non-NHS,5490.9,1033
1996,PA Counties Subregion,Good,All,5382.0,646
1996,PA Counties Subregion,Good,NHS,3464.7,257
1996,PA Counties Subregion,Good,Non-NHS,1917.3,389
1996,PA Counties Subregion,Poor,All,5668.8,603
1996,PA Counties Subregion,Poor,NHS,3223.6,143
1996,PA Counties Subregion,Poor,Non-NHS,2445.2,460
1996,PA Suburban Counties Subregion,All,All,14493.6,2401
1996,PA Suburban Counties Subregion,All,NHS,8816.7,788
1996,PA Suburban Counties Subregion,All,Non-NHS,5677.0,1613
1996,PA Suburban Counties Subregion,Fair,All,8096.7,1379
1996,PA Suburban Counties Subregion,Fair,NHS,5174.7,483
1996,PA Suburban Counties Subregion,Fair,Non-NHS,2922.0,896
1996,PA Suburban Counties Subregion,Good,All,3888.5,540
1996,PA Suburban Counties Subregion,Good,NHS,2672.9,210
1996,PA Suburban Counties Subregion,Good,Non-NHS,1215.6,330
1996,PA Suburban Counties Subregion,Poor,All,2508.4,482
1996,PA Suburban Counties Subregion,Poor,NHS,969.0,95
1996,PA Suburban Counties Subregion,Poor,Non-NHS,1539.4,387
1996,Philadelphia County Subregion,All,All,15765.4,555
1996,Philadelphia County Subregion,All,NHS,11589.0,286
1996,Philadelphia County Subregion,All,Non-NHS,4176.4,269
1996,Philadelphia County Subregion,Fair,All,11111.5,328
1996,Philadelphia County Subregion,Fair,NHS,8542.6,191
1996,Philadelphia County Subregion,Fair,Non-NHS,2568.9,137
1996,Philadelphia County Subregion,Good,All,1493.5,106
1996,Philadelphia County Subregion,Good,NHS,791.8,47
1996,Philadelphia County Subregion,Good,Non-NHS,701.7,59
1996,Philadelphia County Subregion,Poor,All,3160.4,121
1996,Philadelphia County Subregion,Poor,NHS,2254.6,48
1996,Philadelphia County Subregion,Poor,Non-NHS,905.8,73
1997,DVRPC Region,All,All,41584.2,4139
1997,DVRPC Region,All,NHS,27010.3,1387
1997,DVRPC Region,All,Non-NHS,14573.8,2752
1997,DVRPC Region,Fair,All,26851.7,2345
1997,DVRPC Region,Fair,NHS,18103.6,839
1997,DVRPC Region,Fair,Non-NHS,8748.1,1506
1997,DVRPC Region,Good,All,9623.0,1036
1997,DVRPC Region,Good,NHS,6148.2,408
1997,DVRPC Region,Good,Non-NHS,3474.8,628
1997,DVRPC Region,Poor,All,5109.5,758
1997,DVRPC Region,Poor,NHS,2758.5,140
1997,DVRPC Region,Poor,Non-NHS,2350.9,618
1997,NJ Counties Subregion,All,All,11220.0,1172
1997,NJ Counties Subregion,All,NHS,8028.3,486
1997,NJ Counties Subregion,All,Non-NHS,3191.7,686
1997,NJ Counties Subregion,Fair,All,6083.0,596
1997,NJ Counties Subregion,Fair,NHS,4668.0,255
1997,NJ Counties Subregion,Fair,Non-NHS,1415.0,341
1997,NJ Counties Subregion,Good,All,4418.6,408
1997,NJ Counties Subregion,Good,NHS,3022.3,190
1997,NJ Counties Subregion,Good,Non-NHS,1396.3,218
1997,NJ Counties Subregion,Poor,All,718.4,168
1997,NJ Counties Subregion,Poor,NHS,338.0,41
1997,NJ Counties Subregion,Poor,Non-NHS,380.4,127
1997,PA Counties Subregion,All,All,30364.2,2967
1997,PA Counties Subregion,All,NHS,18982.1,901
1997,PA Counties Subregion,All,Non-NHS,11382.1,2066
1997,PA Counties Subregion,Fair,All,20768.7,1749
1997,PA Counties Subregion,Fair,NHS,13435.6,584
1997,PA Counties Subregion,Fair,Non-NHS,7333.1,1165
1997,PA Counties Subregion,Good,All,5204.5,628
1997,PA Counties Subregion,Good,NHS,3126.0,218
1997,PA Counties Subregion,Good,Non-NHS,2078.5,410
1997,PA Counties Subregion,Poor,All,4391.0,590
1997,PA Counties Subregion,Poor,NHS,2420.5,99
1997,PA Counties Subregion,Poor,Non-NHS,1970.5,491
1997,PA Suburban Counties Subregion,All,All,14499.0,2406
1997,PA Suburban Counties Subregion,All,NHS,8945.7,702
1997,PA Suburban Counties Subregion,All,Non-NHS,5553.3,1704
1997,PA Suburban Counties Subregion,Fair,All,8684.8,1405
1997,PA Suburban Counties Subregion,Fair,NHS,5395.1,446
1997,PA Suburban Counties Subregion,Fair,Non-NHS,3289.7,959
1997,PA Suburban Counties Subregion,Good,All,3812.8,519
1997,PA Suburban Counties Subregion,Good,NHS,2604.9,184
1997,PA Suburban Counties Subregion,Good,Non-NHS,1207.9,335
1997,PA Suburban Counties Subregion,Poor,All,2001.3,482
1997,PA Suburban Counties Subregion,Poor,NHS,945.6,72
1997,PA Suburban Counties Subregion,Poor,Non-NHS,1055.7,410
1997,Philadelphia County Subregion,All,All,15865.2,561
1997,Philadelphia County Subregion,All,NHS,10036.4,199
1997,Philadelphia County Subregion,All,Non-NHS,5828.8,362
1997,Philadelphia County Subregion,Fair,All,12083.9,344
1997,Philadelphia County Subregion,Fair,NHS,8040.5,138
1997,Philadelphia County Subregion,Fair,Non-NHS,4043.4,206
1997,Philadelphia County Subregion,Good,All,1391.6,109
1997,Philadelphia County Subregion,Good,NHS,521.1,34
1997,Philadelphia County Subregion,Good,Non-NHS,870.6,75
1997,Philadelphia County Subregion,Poor,All,2389.7,108
1997,Philadelphia County Subregion,Poor,NHS,1474.9,27
1997,Philadelphia County Subregion,Poor,Non-NHS,914.8,81
1998,DVRPC Region,All,All,41927.4,4052
1998,DVRPC Region,All,NHS,29259.7,1370
1998,DVRPC Region,All,Non-NHS,12667.7,2682
1998,DVRPC Region,Fair,All,27352.1,2311
1998,DVRPC Region,Fair,NHS,20136.8,826
1998,DVRPC Region,Fair,Non-NHS,7215.4,1485
1998,DVRPC Region,Good,All,9747.0,1001
1998,DVRPC Region,Good,NHS,6450.3,400
1998,DVRPC Region,Good,Non-NHS,3296.7,601
1998,DVRPC Region,Poor,All,4828.3,740
1998,DVRPC Region,Poor,NHS,2672.6,144
1998,DVRPC Region,Poor,Non-NHS,2155.6,596
1998,NJ Counties Subregion,All,All,11469.3,1180
1998,NJ Counties Subregion,All,NHS,8199.2,485
1998,NJ Counties Subregion,All,Non-NHS,3270.1,695
1998,NJ Counties Subregion,Fair,All,6188.0,593
1998,NJ Counties Subregion,Fair,NHS,4733.0,248
1998,NJ Counties Subregion,Fair,Non-NHS,1455.0,345
1998,NJ Counties Subregion,Good,All,4583.4,424
1998,NJ Counties Subregion,Good,NHS,3150.2,199
1998,NJ Counties Subregion,Good,Non-NHS,1433.2,225
1998,NJ Counties Subregion,Poor,All,697.9,163
1998,NJ Counties Subregion,Poor,NHS,315.9,38
1998,NJ Counties Subregion,Poor,Non-NHS,382.0,125
1998,PA Counties Subregion,All,All,30458.1,2872
1998,PA Counties Subregion,All,NHS,21060.5,885
1998,PA Counties Subregion,All,Non-NHS,9397.6,1987
1998,PA Counties Subregion,Fair,All,21164.1,1718
1998,PA Counties Subregion,Fair,NHS,15403.7,578
1998,PA Counties Subregion,Fair,Non-NHS,5760.4,1140
1998,PA Counties Subregion,Good,All,5163.6,577
1998,PA Counties Subregion,Good,NHS,3300.0,201
1998,PA Counties Subregion,Good,Non-NHS,1863.5,376
1998,PA Counties Subregion,Poor,All,4130.4,577
1998,PA Counties Subregion,Poor,NHS,2356.7,106
1998,PA Counties Subregion,Poor,Non-NHS,1773.7,471
1998,PA Suburban Counties Subregion,All,All,14456.7,2313
1998,PA Suburban Counties Subregion,All,NHS,9050.5,666
1998,PA Suburban Counties Subregion,All,Non-NHS,5406.3,1647
1998,PA Suburban Counties Subregion,Fair,All,8683.0,1360
1998,PA Suburban Counties Subregion,Fair,NHS,5637.2,431
1998,PA Suburban Counties Subregion,Fair,Non-NHS,3045.7,929
1998,PA Suburban Counties Subregion,Good,All,3723.6,476
1998,PA Suburban Counties Subregion,Good,NHS,2454.6,161
1998,PA Suburban Counties Subregion,Good,Non-NHS,1269.0,315
1998,PA Suburban Counties Subregion,Poor,All,2050.1,477
1998,PA Suburban Counties Subregion,Poor,NHS,958.6,74
1998,PA Suburban Counties Subregion,Poor,Non-NHS,1091.5,403
1998,Philadelphia County Subregion,All,All,16001.3,559
1998,Philadelphia County Subregion,All,NHS,12010.0,219
1998,Philadelphia County Subregion,All,Non-NHS,3991.3,340
1998,Philadelphia County Subregion,Fair,All,12481.2,358
1998,Philadelphia County Subregion,Fair,NHS,9766.5,147
1998,Philadelphia County Subregion,Fair,Non-NHS,2714.7,211
1998,Philadelphia County Subregion,Good,All,1439.9,101
1998,Philadelphia County Subregion,Good,NHS,845.4,40
1998,Philadelphia County Subregion,Good,Non-NHS,594.5,61
1998,Philadelphia County Subregion,Poor,All,2080.3,100
1998,Philadelphia County Subregion,Poor,NHS,1398.1,32
1998,Philadelphia County Subregion,Poor,Non-NHS,682.2,68
1999,DVRPC Region,All,All,42146.5,4061
1999,DVRPC Region,All,NHS,28897.5,1345
1999,DVRPC Region,All,Non-NHS,13248.9,2716
1999,DVRPC Region,Fair,All,27538.1,2319
1999,DVRPC Region,Fair,NHS,20041.5,807
1999,DVRPC Region,Fair,Non-NHS,7496.5,1512
1999,DVRPC Region,Good,All,9965.6,1042
1999,DVRPC Region,Good,NHS,6375.9,408
1999,DVRPC Region,Good,Non-NHS,3589.7,634
1999,DVRPC Region,Poor,All,4642.8,700
1999,DVRPC Region,Poor,NHS,2480.1,130
1999,DVRPC Region,Poor,Non-NHS,2162.7,570
1999,NJ Counties Subregion,All,All,11561.1,1182
1999,NJ Counties Subregion,All,NHS,8051.2,478
1999,NJ Counties Subregion,All,Non-NHS,3510.0,704
1999,NJ Counties Subregion,Fair,All,6787.0,631
1999,NJ Counties Subregion,Fair,NHS,4974.6,265
1999,NJ Counties Subregion,Fair,Non-NHS,1812.4,366
1999,NJ Counties Subregion,Good,All,4190.6,395
1999,NJ Counties Subregion,Good,NHS,2870.0,181
1999,NJ Counties Subregion,Good,Non-NHS,1320.6,214
1999,NJ Counties Subregion,Poor,All,583.5,156
1999,NJ Counties Subregion,Poor,NHS,206.5,32
1999,NJ Counties Subregion,Poor,Non-NHS,377.0,124
1999,PA Counties Subregion,All,All,30585.3,2879
1999,PA Counties Subregion,All,NHS,20846.4,867
1999,PA Counties Subregion,All,Non-NHS,9739.0,2012
1999,PA Counties Subregion,Fair,All,20751.1,1688
1999,PA Counties Subregion,Fair,NHS,15066.9,542
1999,PA Counties Subregion,Fair,Non-NHS,5684.2,1146
1999,PA Counties Subregion,Good,All,5775.0,647
1999,PA Counties Subregion,Good,NHS,3505.9,227
1999,PA Counties Subregion,Good,Non-NHS,2269.1,420
1999,PA Counties Subregion,Poor,All,4059.3,544
1999,PA Counties Subregion,Poor,NHS,2273.6,98
1999,PA Counties Subregion,Poor,Non-NHS,1785.7,446
1999,PA Suburban Counties Subregion,All,All,14494.4,2315
1999,PA Suburban Counties Subregion,All,NHS,8990.0,659
1999,PA Suburban Counties Subregion,All,Non-NHS,5504.4,1656
1999,PA Suburban Counties Subregion,Fair,All,8527.7,1333
1999,PA Suburban Counties Subregion,Fair,NHS,5422.8,406
1999,PA Suburban Counties Subregion,Fair,Non-NHS,3104.9,927
1999,PA Suburban Counties Subregion,Good,All,4208.2,545
1999,PA Suburban Counties Subregion,Good,NHS,2774.6,191
1999,PA Suburban Counties Subregion,Good,Non-NHS,1433.6,354
1999,PA Suburban Counties Subregion,Poor,All,1758.5,437
1999,PA Suburban Counties Subregion,Poor,NHS,792.5,62
1999,PA Suburban Counties Subregion,Poor,Non-NHS,965.9,375
1999,Philadelphia County Subregion,All,All,16090.9,564
1999,Philadelphia County Subregion,All,NHS,11856.4,208
1999,Philadelphia County Subregion,All,Non-NHS,4234.6,356
1999,Philadelphia County Subregion,Fair,All,12223.4,355
1999,Philadelphia County Subregion,Fair,NHS,9644.1,136
1999,Philadelphia County Subregion,Fair,Non-NHS,2579.3,219
1999,Philadelphia County Subregion,Good,All,1566.7,102
1999,Philadelphia County Subregion,Good,NHS,731.3,36
1999,Philadelphia County Subregion,Good,Non-NHS,835.5,66
1999,Philadelphia County Subregion,Poor,All,2300.8,107
1999,Philadelphia County Subregion,Poor,NHS,1481.0,36
1999,Philadelphia County Subregion,Poor,Non-NHS,819.7,71
2000,DVRPC Region,All,All,42158.6,4066
2000,DVRPC Region,All,NHS,28522.3,1324
2000,DVRPC Region,All,Non-NHS,13636.2,2742
2000,DVRPC Region,Fair,All,25690.6,2309
2000,DVRPC Region,Fair,NHS,17983.9,783
2000,DVRPC Region,Fair,Non-NHS,7706.6,1526
2000,DVRPC Region,Good,All,10394.8,1052
2000,DVRPC Region,Good,NHS,6787.5,405
2000,DVRPC Region,Good,Non-NHS,3607.3,647
2000,DVRPC Region,Poor,All,6073.2,705
2000,DVRPC Region,Poor,NHS,3750.9,136
2000,DVRPC Region,Poor,Non-NHS,2322.3,569
2000,NJ Counties Subregion,All,All,11594.8,1180
2000,NJ Counties Subregion,All,NHS,8153.2,481
2000,NJ Counties Subregion,All,Non-NHS,3441.6,699
2000,NJ Counties Subregion,Fair,All,6782.8,640
2000,NJ Counties Subregion,Fair,NHS,5004.4,272
2000,NJ Counties Subregion,Fair,Non-NHS,1778.5,368
2000,NJ Counties Subregion,Good,All,4193.3,386
2000,NJ Counties Subregion,Good,NHS,2898.0,178
2000,NJ Counties Subregion,Good,Non-NHS,1295.3,208
2000,NJ Counties Subregion,Poor,All,618.7,154
2000,NJ Counties Subregion,Poor,NHS,250.9,31
2000,NJ Counties Subregion,Poor,Non-NHS,367.8,123
2000,PA Counties Subregion,All,All,30563.8,2886
2000,PA Counties Subregion,All,NHS,20369.1,843
2000,PA Counties Subregion,All,Non-NHS,10194.7,2043
2000,PA Counties Subregion,Fair,All,18907.7,1669
2000,PA Counties Subregion,Fair,NHS,12979.5,511
2000,PA Counties Subregion,Fair,Non-NHS,5928.2,1158
2000,PA Counties Subregion,Good,All,6201.5,666
2000,PA Counties Subregion,Good,NHS,3889.6,227
2000,PA Counties Subregion,Good,Non-NHS,2311.9,439
2000,PA Counties Subregion,Poor,All,5454.5,551
2000,PA Counties Subregion,Poor,NHS,3500.0,105
2000,PA Counties Subregion,Poor,Non-NHS,1954.5,446
2000,PA Suburban Counties Subregion,All,All,14557.5,2323
2000,PA Suburban Counties Subregion,All,NHS,8944.8,654
2000,PA Suburban Counties Subregion,All,Non-NHS,5612.7,1669
2000,PA Suburban Counties Subregion,Fair,All,8475.0,1337
2000,PA Suburban Counties Subregion,Fair,NHS,5353.7,403
2000,PA Suburban Counties Subregion,Fair,Non-NHS,3121.3,934
2000,PA Suburban Counties Subregion,Good,All,4338.4,565
2000,PA Suburban Counties Subregion,Good,NHS,2810.3,193
2000,PA Suburban Counties Subregion,Good,Non-NHS,1528.1,372
2000,PA Suburban Counties Subregion,Poor,All,1744.1,421
2000,PA Suburban Counties Subregion,Poor,NHS,780.8,58
2000,PA Suburban Counties Subregion,Poor,Non-NHS,963.3,363
2000,Philadelphia County Subregion,All,All,16006.3,563
2000,Philadelphia County Subregion,All,NHS,11424.3,189
2000,Philadelphia County Subregion,All,Non-NHS,4581.9,374
2000,Philadelphia County Subregion,Fair,All,10432.7,332
2000,Philadelphia County Subregion,Fair,NHS,7625.9,108
2000,Philadelphia County Subregion,Fair,Non-NHS,2806.9,224
2000,Philadelphia County Subregion,Good,All,1863.1,101
2000,Philadelphia County Subregion,Good,NHS,1079.3,34
2000,Philadelphia County Subregion,Good,Non-NHS,783.8,67
2000,Philadelphia County Subregion,Poor,All,3710.4,130
2000,Philadelphia County Subregion,Poor,NHS,2719.1,47
2000,Philadelphia County Subregion,Poor,Non-NHS,991.2,83
2001,DVRPC Region,All,All,42317.5,4074
2001,DVRPC Region,All,NHS,28490.7,1335
2001,DVRPC Region,All,Non-NHS,13826.8,2739
2001,DVRPC Region,Fair,All,25860.3,2321
2001,DVRPC Region,Fair,NHS,17961.3,781
2001,DVRPC Region,Fair,Non-NHS,7899.0,1540
2001,DVRPC Region,Good,All,9906.9,1013
2001,DVRPC Region,Good,NHS,6551.7,404
2001,DVRPC Region,Good,Non-NHS,3355.2,609
2001,DVRPC Region,Poor,All,6550.2,740
2001,DVRPC Region,Poor,NHS,3977.6,150
2001,DVRPC Region,Poor,Non-NHS,2572.6,590
2001,NJ Counties Subregion,All,All,11623.0,1186
2001,NJ Counties Subregion,All,NHS,8205.5,496
2001,NJ Counties Subregion,All,Non-NHS,3417.5,690
2001,NJ Counties Subregion,Fair,All,6860.3,652
2001,NJ Counties Subregion,Fair,NHS,5045.5,280
2001,NJ Counties Subregion,Fair,Non-NHS,1814.8,372
2001,NJ Counties Subregion,Good,All,4143.4,381
2001,NJ Counties Subregion,Good,NHS,2899.9,181
2001,NJ Counties Subregion,Good,Non-NHS,1243.4,200
2001,NJ Counties Subregion,Poor,All,619.3,153
2001,NJ Counties Subregion,Poor,NHS,260.1,35
2001,NJ Counties Subregion,Poor,Non-NHS,359.2,118
2001,PA Counties Subregion,All,All,30694.4,2888
2001,PA Counties Subregion,All,NHS,20285.1,839
2001,PA Counties Subregion,All,Non-NHS,10409.3,2049
2001,PA Counties Subregion,Fair,All,19000.0,1669
2001,PA Counties Subregion,Fair,NHS,12915.8,501
2001,PA Counties Subregion,Fair,Non-NHS,6084.2,1168
2001,PA Counties Subregion,Good,All,5763.6,632
2001,PA Counties Subregion,Good,NHS,3651.8,223
2001,PA Counties Subregion,Good,Non-NHS,2111.7,409
2001,PA Counties Subregion,Poor,All,5930.9,587
2001,PA Counties Subregion,Poor,NHS,3717.5,115
2001,PA Counties Subregion,Poor,Non-NHS,2213.4,472
2001,PA Suburban Counties Subregion,All,All,14597.1,2323
2001,PA Suburban Counties Subregion,All,NHS,8948.8,653
2001,PA Suburban Counties Subregion,All,Non-NHS,5648.4,1670
2001,PA Suburban Counties Subregion,Fair,All,8438.2,1339
2001,PA Suburban Counties Subregion,Fair,NHS,5285.2,395
2001,PA Suburban Counties Subregion,Fair,Non-NHS,3153.1,944
2001,PA Suburban Counties Subregion,Good,All,4294.9,540
2001,PA Suburban Counties Subregion,Good,NHS,2849.9,194
2001,PA Suburban Counties Subregion,Good,Non-NHS,1444.9,346
2001,PA Suburban Counties Subregion,Poor,All,1864.0,444
2001,PA Suburban Counties Subregion,Poor,NHS,813.7,64
2001,PA Suburban Counties Subregion,Poor,Non-NHS,1050.3,380
2001,Philadelphia County Subregion,All,All,16097.3,565
2001,Philadelphia County Subregion,All,NHS,11336.3,186
2001,Philadelphia County Subregion,All,Non-NHS,4760.9,379
2001,Philadelphia County Subregion,Fair,All,10561.8,330
2001,Philadelphia County Subregion,Fair,NHS,7630.6,106
2001,Philadelphia County Subregion,Fair,Non-NHS,2931.1,224
2001,Philadelphia County Subregion,Good,All,1468.7,92
2001,Philadelphia County Subregion,Good,NHS,801.9,29
2001,Philadelphia County Subregion,Good,Non-NHS,666.8,63
2001,Philadelphia County Subregion,Poor,All,4066.8,143
2001,Philadelphia County Subregion,Poor,NHS,2903.8,51
2001,Philadelphia County Subregion,Poor,Non-NHS,1163.0,92
2002,DVRPC Region,All,All,42570.3,4085
2002,DVRPC Region,All,NHS,28633.8,1353
2002,DVRPC Region,All,Non-NHS,13936.5,2732
2002,DVRPC Region,Fair,All,25501.5,2295
2002,DVRPC Region,Fair,NHS,17741.8,794
2002,DVRPC Region,Fair,Non-NHS,7759.7,1501
2002,DVRPC Region,Good,All,9906.0,995
2002,DVRPC Region,Good,NHS,6466.2,387
2002,DVRPC Region,Good,Non-NHS,3439.7,608
2002,DVRPC Region,Poor,All,7162.8,795
2002,DVRPC Region,Poor,NHS,4425.7,172
2002,DVRPC Region,Poor,Non-NHS,2737.1,623
2002,NJ Counties Subregion,All,All,11711.9,1195
2002,NJ Counties Subregion,All,NHS,8317.4,516
2002,NJ Counties Subregion,All,Non-NHS,3394.5,679
2002,NJ Counties Subregion,Fair,All,6603.8,655
2002,NJ Counties Subregion,Fair,NHS,4862.5,292
2002,NJ Counties Subregion,Fair,Non-NHS,1741.3,363
2002,NJ Counties Subregion,Good,All,4417.6,386
2002,NJ Counties Subregion,Good,NHS,3150.1,186
2002,NJ Counties Subregion,Good,Non-NHS,1267.5,200
2002,NJ Counties Subregion,Poor,All,690.5,154
2002,NJ Counties Subregion,Poor,NHS,304.8,38
2002,NJ Counties Subregion,Poor,Non-NHS,385.7,116
2002,PA Counties Subregion,All,All,30858.4,2890
2002,PA Counties Subregion,All,NHS,20316.4,837
2002,PA Counties Subregion,All,Non-NHS,10542.0,2053
2002,PA Counties Subregion,Fair,All,18897.7,1640
2002,PA Counties Subregion,Fair,NHS,12879.3,502
2002,PA Counties Subregion,Fair,Non-NHS,6018.4,1138
2002,PA Counties Subregion,Good,All,5488.3,609
2002,PA Counties Subregion,Good,NHS,3316.1,201
2002,PA Counties Subregion,Good,Non-NHS,2172.2,408
2002,PA Counties Subregion,Poor,All,6472.3,641
2002,PA Counties Subregion,Poor,NHS,4121.0,134
2002,PA Counties Subregion,Poor,Non-NHS,2351.4,507
2002,PA Suburban Counties Subregion,All,All,14725.8,2325
2002,PA Suburban Counties Subregion,All,NHS,9020.3,654
2002,PA Suburban Counties Subregion,All,Non-NHS,5705.5,1671
2002,PA Suburban Counties Subregion,Fair,All,8547.5,1317
2002,PA Suburban Counties Subregion,Fair,NHS,5421.1,402
2002,PA Suburban Counties Subregion,Fair,Non-NHS,3126.4,915
2002,PA Suburban Counties Subregion,Good,All,3949.8,513
2002,PA Suburban Counties Subregion,Good,NHS,2513.1,172
2002,PA Suburban Counties Subregion,Good,Non-NHS,1436.7,341
2002,PA Suburban Counties Subregion,Poor,All,2228.5,495
2002,PA Suburban Counties Subregion,Poor,NHS,1086.1,80
2002,PA Suburban Counties Subregion,Poor,Non-NHS,1142.4,415
2002,Philadelphia County Subregion,All,All,16132.6,565
2002,Philadelphia County Subregion,All,NHS,11296.1,183
2002,Philadelphia County Subregion,All,Non-NHS,4836.5,382
2002,Philadelphia County Subregion,Fair,All,10350.2,323
2002,Philadelphia County Subregion,Fair,NHS,7458.2,100
2002,Philadelphia County Subregion,Fair,Non-NHS,2892.0,223
2002,Philadelphia County Subregion,Good,All,1538.6,96
2002,Philadelphia County Subregion,Good,NHS,803.1,29
2002,Philadelphia County Subregion,Good,Non-NHS,735.5,67
2002,Philadelphia County Subregion,Poor,All,4243.8,146
2002,Philadelphia County Subregion,Poor,NHS,3034.9,54
2002,Philadelphia County Subregion,Poor,Non-NHS,1209.0,92
2003,DVRPC Region,All,All,42926.8,4094
2003,DVRPC Region,All,NHS,28637.3,1334
2003,DVRPC Region,All,Non-NHS,14289.5,2760
2003,DVRPC Region,Fair,All,25435.7,2307
2003,DVRPC Region,Fair,NHS,17496.8,799
2003,DVRPC Region,Fair,Non-NHS,7938.8,1508
2003,DVRPC Region,Good,All,9642.7,985
2003,DVRPC Region,Good,NHS,5971.7,352
2003,DVRPC Region,Good,Non-NHS,3671.0,633
2003,DVRPC Region,Poor,All,7848.4,802
2003,DVRPC Region,Poor,NHS,5168.7,183
2003,DVRPC Region,Poor,Non-NHS,2679.7,619
2003,NJ Counties Subregion,All,All,11773.0,1192
2003,NJ Counties Subregion,All,NHS,8293.5,496
2003,NJ Counties Subregion,All,Non-NHS,3479.5,696
2003,NJ Counties Subregion,Fair,All,6843.7,668
2003,NJ Counties Subregion,Fair,NHS,5113.0,298
2003,NJ Counties Subregion,Fair,Non-NHS,1730.7,370
2003,NJ Counties Subregion,Good,All,4245.8,384
2003,NJ Counties Subregion,Good,NHS,2877.1,162
2003,NJ Counties Subregion,Good,Non-NHS,1368.7,222
2003,NJ Counties Subregion,Poor,All,683.5,140
2003,NJ Counties Subregion,Poor,NHS,303.4,36
2003,NJ Counties Subregion,Poor,Non-NHS,380.1,104
2003,PA Counties Subregion,All,All,31153.8,2902
2003,PA Counties Subregion,All,NHS,20343.8,838
2003,PA Counties Subregion,All,Non-NHS,10810.0,2064
2003,PA Counties Subregion,Fair,All,18591.9,1639
2003,PA Counties Subregion,Fair,NHS,12383.8,501
2003,PA Counties Subregion,Fair,Non-NHS,6208.2,1138
2003,PA Counties Subregion,Good,All,5396.9,601
2003,PA Counties Subregion,Good,NHS,3094.6,190
2003,PA Counties Subregion,Good,Non-NHS,2302.2,411
2003,PA Counties Subregion,Poor,All,7164.9,662
2003,PA Counties Subregion,Poor,NHS,4865.3,147
2003,PA Counties Subregion,Poor,Non-NHS,2299.6,515
2003,PA Suburban Counties Subregion,All,All,14705.6,2325
2003,PA Suburban Counties Subregion,All,NHS,8993.3,654
2003,PA Suburban Counties Subregion,All,Non-NHS,5712.3,1671
2003,PA Suburban Counties Subregion,Fair,All,8527.1,1313
2003,PA Suburban Counties Subregion,Fair,NHS,5473.2,405
2003,PA Suburban Counties Subregion,Fair,Non-NHS,3054.0,908
2003,PA Suburban Counties Subregion,Good,All,3861.6,504
2003,PA Suburban Counties Subregion,Good,NHS,2360.3,162
2003,PA Suburban Counties Subregion,Good,Non-NHS,1501.3,342
2003,PA Suburban Counties Subregion,Poor,All,2316.9,508
2003,PA Suburban Counties Subregion,Poor,NHS,1159.9,87
2003,PA Suburban Counties Subregion,Poor,Non-NHS,1157.1,421
2003,Philadelphia County Subregion,All,All,16448.1,577
2003,Philadelphia County Subregion,All,NHS,11350.5,184
2003,Philadelphia County Subregion,All,Non-NHS,5097.7,393
2003,Philadelphia County Subregion,Fair,All,10064.8,326
2003,Philadelphia County Subregion,Fair,NHS,6910.6,96
2003,Philadelphia County Subregion,Fair,Non-NHS,3154.2,230
2003,Philadelphia County Subregion,Good,All,1535.3,97
2003,Philadelphia County Subregion,Good,NHS,734.4,28
2003,Philadelphia County Subregion,Good,Non-NHS,801.0,69
2003,Philadelphia County Subregion,Poor,All,4848.0,154
2003,Philadelphia County Subregion,Poor,NHS,3705.5,60
2003,Philadelphia County Subregion,Poor,Non-NHS,1142.5,94
2004,DVRPC Region,All,All,43020.5,4121
2004,DVRPC Region,All,NHS,24471.2,1184
2004,DVRPC Region,All,Non-NHS,18549.3,2937
2004,DVRPC Region,Fair,All,25731.7,2327
2004,DVRPC Region,Fair,NHS,14509.6,712
2004,DVRPC Region,Fair,Non-NHS,11222.2,1615
2004,DVRPC Region,Good,All,9809.9,978
2004,DVRPC Region,Good,NHS,5312.9,302
2004,DVRPC Region,Good,Non-NHS,4497.1,676
2004,DVRPC Region,Poor,All,7478.8,816
2004,DVRPC Region,Poor,NHS,4648.7,170
2004,DVRPC Region,Poor,Non-NHS,2830.1,646
2004,NJ Counties Subregion,All,All,11826.1,1209
2004,NJ Counties Subregion,All,NHS,8308.7,493
2004,NJ Counties Subregion,All,Non-NHS,3517.3,716
2004,NJ Counties Subregion,Fair,All,6898.1,673
2004,NJ Counties Subregion,Fair,NHS,5153.0,293
2004,NJ Counties Subregion,Fair,Non-NHS,1745.1,380
2004,NJ Counties Subregion,Good,All,4336.5,391
2004,NJ Counties Subregion,Good,NHS,2958.8,166
2004,NJ Counties Subregion,Good,Non-NHS,1377.8,225
2004,NJ Counties Subregion,Poor,All,591.5,145
2004,NJ Counties Subregion,Poor,NHS,197.0,34
2004,NJ Counties Subregion,Poor,Non-NHS,394.4,111
2004,PA Counties Subregion,All,All,31194.4,2912
2004,PA Counties Subregion,All,NHS,16162.5,691
2004,PA Counties Subregion,All,Non-NHS,15032.0,2221
2004,PA Counties Subregion,Fair,All,18833.7,1654
2004,PA Counties Subregion,Fair,NHS,9356.6,419
2004,PA Counties Subregion,Fair,Non-NHS,9477.0,1235
2004,PA Counties Subregion,Good,All,5473.4,587
2004,PA Counties Subregion,Good,NHS,2354.1,136
2004,PA Counties Subregion,Good,Non-NHS,3119.3,451
2004,PA Counties Subregion,Poor,All,6887.4,671
2004,PA Counties Subregion,Poor,NHS,4451.7,136
2004,PA Counties Subregion,Poor,Non-NHS,2435.7,535
2004,PA Suburban Counties Subregion,All,All,14797.7,2335
2004,PA Suburban Counties Subregion,All,NHS,6553.7,526
2004,PA Suburban Counties Subregion,All,Non-NHS,8244.0,1809
2004,PA Suburban Counties Subregion,Fair,All,8852.1,1323
2004,PA Suburban Counties Subregion,Fair,NHS,3680.4,330
2004,PA Suburban Counties Subregion,Fair,Non-NHS,5171.7,993
2004,PA Suburban Counties Subregion,Good,All,3562.5,492
2004,PA Suburban Counties Subregion,Good,NHS,1771.6,117
2004,PA Suburban Counties Subregion,Good,Non-NHS,1790.9,375
2004,PA Suburban Counties Subregion,Poor,All,2383.1,520
2004,PA Suburban Counties Subregion,Poor,NHS,1101.7,79
2004,PA Suburban Counties Subregion,Poor,Non-NHS,1281.4,441
2004,Philadelphia County Subregion,All,All,16396.8,577
2004,Philadelphia County Subregion,All,NHS,9608.7,165
2004,Philadelphia County Subregion,All,Non-NHS,6788.0,412
2004,Philadelphia County Subregion,Fair,All,9981.6,331
2004,Philadelphia County Subregion,Fair,NHS,5676.2,89
2004,Philadelphia County Subregion,Fair,Non-NHS,4305.4,242
2004,Philadelphia County Subregion,Good,All,1910.9,95
2004,Philadelphia County Subregion,Good,NHS,582.5,19
2004,Philadelphia County Subregion,Good,Non-NHS,1328.4,76
2004,Philadelphia County Subregion,Poor,All,4504.2,151
2004,Philadelphia County Subregion,Poor,NHS,3350.0,57
2004,Philadelphia County Subregion,Poor,Non-NHS,1154.2,94
2005,DVRPC Region,All,All,43024.9,4115
2005,DVRPC Region,All,NHS,24283.7,1171
2005,DVRPC Region,All,Non-NHS,18741.2,2944
2005,DVRPC Region,Fair,All,26661.0,2329
2005,DVRPC Region,Fair,NHS,15029.1,722
2005,DVRPC Region,Fair,Non-NHS,11631.9,1607
2005,DVRPC Region,Good,All,8980.5,953
2005,DVRPC Region,Good,NHS,4810.1,282
2005,DVRPC Region,Good,Non-NHS,4170.4,671
2005,DVRPC Region,Poor,All,7383.5,833
2005,DVRPC Region,Poor,NHS,4444.6,167
2005,DVRPC Region,Poor,Non-NHS,2938.9,666
2005,NJ Counties Subregion,All,All,11819.2,1200
2005,NJ Counties Subregion,All,NHS,8261.1,482
2005,NJ Counties Subregion,All,Non-NHS,3558.1,718
2005,NJ Counties Subregion,Fair,All,7240.5,679
2005,NJ Counties Subregion,Fair,NHS,5474.7,291
2005,NJ Counties Subregion,Fair,Non-NHS,1765.8,388
2005,NJ Counties Subregion,Good,All,3871.8,376
2005,NJ Counties Subregion,Good,NHS,2474.9,155
2005,NJ Counties Subregion,Good,Non-NHS,1396.9,221
2005,NJ Counties Subregion,Poor,All,706.9,145
2005,NJ Counties Subregion,Poor,NHS,311.6,36
2005,NJ Counties Subregion,Poor,Non-NHS,395.4,109
2005,PA Counties Subregion,All,All,31205.7,2915
2005,PA Counties Subregion,All,NHS,16022.6,689
2005,PA Counties Subregion,All,Non-NHS,15183.1,2226
2005,PA Counties Subregion,Fair,All,19420.5,1650
2005,PA Counties Subregion,Fair,NHS,9554.4,431
2005,PA Counties Subregion,Fair,Non-NHS,9866.1,1219
2005,PA Counties Subregion,Good,All,5108.7,577
2005,PA Counties Subregion,Good,NHS,2335.2,127
2005,PA Counties Subregion,Good,Non-NHS,2773.4,450
2005,PA Counties Subregion,Poor,All,6676.5,688
2005,PA Counties Subregion,Poor,NHS,4133.0,131
2005,PA Counties Subregion,Poor,Non-NHS,2543.5,557
2005,PA Suburban Counties Subregion,All,All,14845.6,2338
2005,PA Suburban Counties Subregion,All,NHS,6450.0,524
2005,PA Suburban Counties Subregion,All,Non-NHS,8395.7,1814
2005,PA Suburban Counties Subregion,Fair,All,9061.6,1314
2005,PA Suburban Counties Subregion,Fair,NHS,3896.4,339
2005,PA Suburban Counties Subregion,Fair,Non-NHS,5165.2,975
2005,PA Suburban Counties Subregion,Good,All,3323.6,482
2005,PA Suburban Counties Subregion,Good,NHS,1506.3,106
2005,PA Suburban Counties Subregion,Good,Non-NHS,1817.3,376
2005,PA Suburban Counties Subregion,Poor,All,2460.4,542
2005,PA Suburban Counties Subregion,Poor,NHS,1047.3,79
2005,PA Suburban Counties Subregion,Poor,Non-NHS,1413.1,463
2005,Philadelphia County Subregion,All,All,16360.0,577
2005,Philadelphia County Subregion,All,NHS,9572.7,165
2005,Philadelphia County Subregion,All,Non-NHS,6787.4,412
2005,Philadelphia County Subregion,Fair,All,10358.9,336
2005,Philadelphia County Subregion,Fair,NHS,5658.0,92
2005,Philadelphia County Subregion,Fair,Non-NHS,4700.9,244
2005,Philadelphia County Subregion,Good,All,1785.1,95
2005,Philadelphia County Subregion,Good,NHS,828.9,21
2005,Philadelphia County Subregion,Good,Non-NHS,956.1,74
2005,Philadelphia County Subregion,Poor,All,4216.1,146
2005,Philadelphia County Subregion,Poor,NHS,3085.7,52
2005,Philadelphia County Subregion,Poor,Non-NHS,1130.4,94
2006,DVRPC Region,All,All,43026.7,4111
2006,DVRPC Region,All,NHS,24256.3,1169
2006,DVRPC Region,All,Non-NHS,18770.5,2942
2006,DVRPC Region,Fair,All,26629.4,2319
2006,DVRPC Region,Fair,NHS,14929.8,712
2006,DVRPC Region,Fair,Non-NHS,11699.5,1607
2006,DVRPC Region,Good,All,8907.8,965
2006,DVRPC Region,Good,NHS,4760.2,286
2006,DVRPC Region,Good,Non-NHS,4147.6,679
2006,DVRPC Region,Poor,All,7489.6,827
2006,DVRPC Region,Poor,NHS,4566.2,171
2006,DVRPC Region,Poor,Non-NHS,2923.4,656
2006,NJ Counties Subregion,All,All,11861.5,1197
2006,NJ Counties Subregion,All,NHS,8278.4,481
2006,NJ Counties Subregion,All,Non-NHS,3583.1,716
2006,NJ Counties Subregion,Fair,All,7238.2,674
2006,NJ Counties Subregion,Fair,NHS,5404.0,284
2006,NJ Counties Subregion,Fair,Non-NHS,1834.2,390
2006,NJ Counties Subregion,Good,All,3921.6,387
2006,NJ Counties Subregion,Good,NHS,2533.6,161
2006,NJ Counties Subregion,Good,Non-NHS,1387.9,226
2006,NJ Counties Subregion,Poor,All,701.7,136
2006,NJ Counties Subregion,Poor,NHS,340.7,36
2006,NJ Counties Subregion,Poor,Non-NHS,360.9,100
2006,PA Counties Subregion,All,All,31165.2,2914
2006,PA Counties Subregion,All,NHS,15977.9,688
2006,PA Counties Subregion,All,Non-NHS,15187.4,2226
2006,PA Counties Subregion,Fair,All,19391.1,1645
2006,PA Counties Subregion,Fair,NHS,9525.8,428
2006,PA Counties Subregion,Fair,Non-NHS,9865.3,1217
2006,PA Counties Subregion,Good,All,4986.2,578
2006,PA Counties Subregion,Good,NHS,2226.6,125
2006,PA Counties Subregion,Good,Non-NHS,2759.6,453
2006,PA Counties Subregion,Poor,All,6787.9,691
2006,PA Counties Subregion,Poor,NHS,4225.5,135
2006,PA Counties Subregion,Poor,Non-NHS,2562.4,556
2006,PA Suburban Counties Subregion,All,All,14851.4,2339
2006,PA Suburban Counties Subregion,All,NHS,6451.3,525
2006,PA Suburban Counties Subregion,All,Non-NHS,8400.1,1814
2006,PA Suburban Counties Subregion,Fair,All,9019.6,1309
2006,PA Suburban Counties Subregion,Fair,NHS,3852.0,335
2006,PA Suburban Counties Subregion,Fair,Non-NHS,5167.6,974
2006,PA Suburban Counties Subregion,Good,All,3201.9,483
2006,PA Suburban Counties Subregion,Good,NHS,1398.4,104
2006,PA Suburban Counties Subregion,Good,Non-NHS,1803.5,379
2006,PA Suburban Counties Subregion,Poor,All,2629.9,547
2006,PA Suburban Counties Subregion,Poor,NHS,1200.9,86
2006,PA Suburban Counties Subregion,Poor,Non-NHS,1429.0,461
2006,Philadelphia County Subregion,All,All,16313.8,575
2006,Philadelphia County Subregion,All,NHS,9526.6,163
2006,Philadelphia County Subregion,All,Non-NHS,6787.3,412
2006,Philadelphia County Subregion,Fair,All,10371.5,336
2006,Philadelphia County Subregion,Fair,NHS,5673.8,93
2006,Philadelphia County Subregion,Fair,Non-NHS,4697.7,243
2006,Philadelphia County Subregion,Good,All,1784.3,95
2006,Philadelphia County Subregion,Good,NHS,828.2,21
2006,Philadelphia County Subregion,Good,Non-NHS,956.1,74
2006,Philadelphia County Subregion,Poor,All,4158.0,144
2006,Philadelphia County Subregion,Poor,NHS,3024.6,49
2006,Philadelphia County Subregion,Poor,Non-NHS,1133.4,95
2007,DVRPC Region,All,All,43782.4,4124
2007,DVRPC Region,All,NHS,24044.0,1125
2007,DVRPC Region,All,Non-NHS,19738.3,2999
2007,DVRPC Region,Fair,All,27655.5,2328
2007,DVRPC Region,Fair,NHS,15366.7,696
2007,DVRPC Region,Fair,Non-NHS,12288.8,1632
2007,DVRPC Region,Good,All,8745.5,954
2007,DVRPC Region,Good,NHS,4460.5,275
2007,DVRPC Region,Good,Non-NHS,4284.9,679
2007,DVRPC Region,Poor,All,7381.4,842
2007,DVRPC Region,Poor,NHS,4216.8,154
2007,DVRPC Region,Poor,Non-NHS,3164.6,688
2007,NJ Counties Subregion,All,All,11869.0,1194
2007,NJ Counties Subregion,All,NHS,8257.3,474
2007,NJ Counties Subregion,All,Non-NHS,3611.7,720
2007,NJ Counties Subregion,Fair,All,7581.6,691
2007,NJ Counties Subregion,Fair,NHS,5701.1,297
2007,NJ Counties Subregion,Fair,Non-NHS,1880.4,394
2007,NJ Counties Subregion,Good,All,3619.5,374
2007,NJ Counties Subregion,Good,NHS,2234.7,149
2007,NJ Counties Subregion,Good,Non-NHS,1384.8,225
2007,NJ Counties Subregion,Poor,All,667.9,129
2007,NJ Counties Subregion,Poor,NHS,321.4,28
2007,NJ Counties Subregion,Poor,Non-NHS,346.5,101
2007,PA Counties Subregion,All,All,31913.4,2930
2007,PA Counties Subregion,All,NHS,15786.8,651
2007,PA Counties Subregion,All,Non-NHS,16126.6,2279
2007,PA Counties Subregion,Fair,All,20073.9,1637
2007,PA Counties Subregion,Fair,NHS,9665.6,399
2007,PA Counties Subregion,Fair,Non-NHS,10408.3,1238
2007,PA Counties Subregion,Good,All,5126.0,580
2007,PA Counties Subregion,Good,NHS,2225.8,126
2007,PA Counties Subregion,Good,Non-NHS,2900.1,454
2007,PA Counties Subregion,Poor,All,6713.5,713
2007,PA Counties Subregion,Poor,NHS,3895.3,126
2007,PA Counties Subregion,Poor,Non-NHS,2818.2,587
2007,PA Suburban Counties Subregion,All,All,14968.7,2346
2007,PA Suburban Counties Subregion,All,NHS,6295.6,504
2007,PA Suburban Counties Subregion,All,Non-NHS,8673.1,1842
2007,PA Suburban Counties Subregion,Fair,All,8849.9,1296
2007,PA Suburban Counties Subregion,Fair,NHS,3511.1,309
2007,PA Suburban Counties Subregion,Fair,Non-NHS,5338.8,987
2007,PA Suburban Counties Subregion,Good,All,3264.8,483
2007,PA Suburban Counties Subregion,Good,NHS,1416.9,108
2007,PA Suburban Counties Subregion,Good,Non-NHS,1847.9,375
2007,PA Suburban Counties Subregion,Poor,All,2854.0,567
2007,PA Suburban Counties Subregion,Poor,NHS,1367.6,87
2007,PA Suburban Counties Subregion,Poor,Non-NHS,1486.4,480
2007,Philadelphia County Subregion,All,All,16944.7,584
2007,Philadelphia County Subregion,All,NHS,9491.1,147
2007,Philadelphia County Subregion,All,Non-NHS,7453.5,437
2007,Philadelphia County Subregion,Fair,All,11224.0,341
2007,Philadelphia County Subregion,Fair,NHS,6154.5,90
2007,Philadelphia County Subregion,Fair,Non-NHS,5069.5,251
2007,Philadelphia County Subregion,Good,All,1861.1,97
2007,Philadelphia County Subregion,Good,NHS,808.9,18
2007,Philadelphia County Subregion,Good,Non-NHS,1052.3,79
2007,Philadelphia County Subregion,Poor,All,3859.5,146
2007,Philadelphia County Subregion,Poor,NHS,2527.7,39
2007,Philadelphia County Subregion,Poor,Non-NHS,1331.8,107
2008,DVRPC Region,All,All,43495.7,4131
2008,DVRPC Region,All,NHS,24869.9,1137
2008,DVRPC Region,All,Non-NHS,18625.8,2994
2008,DVRPC Region,Fair,All,27593.8,2309
2008,DVRPC Region,Fair,NHS,16449.1,706
2008,DVRPC Region,Fair,Non-NHS,11144.7,1603
2008,DVRPC Region,Good,All,8553.6,957
2008,DVRPC Region,Good,NHS,4403.6,277
2008,DVRPC Region,Good,Non-NHS,4150.1,680
2008,DVRPC Region,Poor,All,7348.2,865
2008,DVRPC Region,Poor,NHS,4017.2,154
2008,DVRPC Region,Poor,Non-NHS,3331.0,711
2008,NJ Counties Subregion,All,All,11964.5,1195
2008,NJ Counties Subregion,All,NHS,8356.5,478
2008,NJ Counties Subregion,All,Non-NHS,3608.0,717
2008,NJ Counties Subregion,Fair,All,7836.8,698
2008,NJ Counties Subregion,Fair,NHS,5889.2,297
2008,NJ Counties Subregion,Fair,Non-NHS,1947.6,401
2008,NJ Counties Subregion,Good,All,3533.8,376
2008,NJ Counties Subregion,Good,NHS,2173.4,153
2008,NJ Counties Subregion,Good,Non-NHS,1360.4,223
2008,NJ Counties Subregion,Poor,All,593.9,121
2008,NJ Counties Subregion,Poor,NHS,293.9,28
2008,NJ Counties Subregion,Poor,Non-NHS,300.1,93
2008,PA Counties Subregion,All,All,31531.2,2936
2008,PA Counties Subregion,All,NHS,16513.5,659
2008,PA Counties Subregion,All,Non-NHS,15017.7,2277
2008,PA Counties Subregion,Fair,All,19757.1,1611
2008,PA Counties Subregion,Fair,NHS,10560.0,409
2008,PA Counties Subregion,Fair,Non-NHS,9197.1,1202
2008,PA Counties Subregion,Good,All,5019.8,581
2008,PA Counties Subregion,Good,NHS,2230.1,124
2008,PA Counties Subregion,Good,Non-NHS,2789.7,457
2008,PA Counties Subregion,Poor,All,6754.3,744
2008,PA Counties Subregion,Poor,NHS,3723.3,126
2008,PA Counties Subregion,Poor,Non-NHS,3031.0,618
2008,PA Suburban Counties Subregion,All,All,14495.1,2352
2008,PA Suburban Counties Subregion,All,NHS,6359.3,508
2008,PA Suburban Counties Subregion,All,Non-NHS,8135.8,1844
2008,PA Suburban Counties Subregion,Fair,All,8382.5,1272
2008,PA Suburban Counties Subregion,Fair,NHS,3770.3,318
2008,PA Suburban Counties Subregion,Fair,Non-NHS,4612.1,954
2008,PA Suburban Counties Subregion,Good,All,3195.0,486
2008,PA Suburban Counties Subregion,Good,NHS,1421.3,106
2008,PA Suburban Counties Subregion,Good,Non-NHS,1773.8,380
2008,PA Suburban Counties Subregion,Poor,All,2917.6,594
2008,PA Suburban Counties Subregion,Poor,NHS,1167.7,84
2008,PA Suburban Counties Subregion,Poor,Non-NHS,1749.9,510
2008,Philadelphia County Subregion,All,All,17036.1,584
2008,Philadelphia County Subregion,All,NHS,10154.1,151
2008,Philadelphia County Subregion,All,Non-NHS,6882.0,433
2008,Philadelphia County Subregion,Fair,All,11374.6,339
2008,Philadelphia County Subregion,Fair,NHS,6789.6,91
2008,Philadelphia County Subregion,Fair,Non-NHS,4585.0,248
2008,Philadelphia County Subregion,Good,All,1824.8,95
2008,Philadelphia County Subregion,Good,NHS,808.9,18
2008,Philadelphia County Subregion,Good,Non-NHS,1015.9,77
2008,Philadelphia County Subregion,Poor,All,3836.7,150
2008,Philadelphia County Subregion,Poor,NHS,2555.6,42
2008,Philadelphia County Subregion,Poor,Non-NHS,1281.1,108
2009,DVRPC Region,All,All,43424.7,4130
2009,DVRPC Region,All,NHS,26674.7,1259
2009,DVRPC Region,All,Non-NHS,16750.0,2871
2009,DVRPC Region,Fair,All,27593.2,2259
2009,DVRPC Region,Fair,NHS,17788.4,778
2009,DVRPC Region,Fair,Non-NHS,9804.8,1481
2009,DVRPC Region,Good,All,8478.6,966
2009,DVRPC Region,Good,NHS,4730.6,307
2009,DVRPC Region,Good,Non-NHS,3748.0,659
2009,DVRPC Region,Poor,All,7353.0,905
2009,DVRPC Region,Poor,NHS,4155.6,174
2009,DVRPC Region,Poor,Non-NHS,3197.3,731
2009,NJ Counties Subregion,All,All,11886.1,1194
2009,NJ Counties Subregion,All,NHS,8333.8,477
2009,NJ Counties Subregion,All,Non-NHS,3552.4,717
2009,NJ Counties Subregion,Fair,All,7745.7,703
2009,NJ Counties Subregion,Fair,NHS,5780.0,297
2009,NJ Counties Subregion,Fair,Non-NHS,1965.7,406
2009,NJ Counties Subregion,Good,All,3547.5,376
2009,NJ Counties Subregion,Good,NHS,2279.2,155
2009,NJ Counties Subregion,Good,Non-NHS,1268.3,221
2009,NJ Counties Subregion,Poor,All,593.0,115
2009,NJ Counties Subregion,Poor,NHS,274.5,25
2009,NJ Counties Subregion,Poor,Non-NHS,318.4,90
2009,PA Counties Subregion,All,All,31538.6,2936
2009,PA Counties Subregion,All,NHS,18340.9,782
2009,PA Counties Subregion,All,Non-NHS,13197.7,2154
2009,PA Counties Subregion,Fair,All,19847.5,1556
2009,PA Counties Subregion,Fair,NHS,12008.4,481
2009,PA Counties Subregion,Fair,Non-NHS,7839.1,1075
2009,PA Counties Subregion,Good,All,4931.1,590
2009,PA Counties Subregion,Good,NHS,2451.4,152
2009,PA Counties Subregion,Good,Non-NHS,2479.7,438
2009,PA Counties Subregion,Poor,All,6760.0,790
2009,PA Counties Subregion,Poor,NHS,3881.1,149
2009,PA Counties Subregion,Poor,Non-NHS,2878.9,641
2009,PA Suburban Counties Subregion,All,All,14505.8,2350
2009,PA Suburban Counties Subregion,All,NHS,7663.4,621
2009,PA Suburban Counties Subregion,All,Non-NHS,6842.3,1729
2009,PA Suburban Counties Subregion,Fair,All,8408.0,1221
2009,PA Suburban Counties Subregion,Fair,NHS,4585.4,386
2009,PA Suburban Counties Subregion,Fair,Non-NHS,3822.6,835
2009,PA Suburban Counties Subregion,Good,All,3335.3,497
2009,PA Suburban Counties Subregion,Good,NHS,1819.4,134
2009,PA Suburban Counties Subregion,Good,Non-NHS,1515.9,363
2009,PA Suburban Counties Subregion,Poor,All,2762.5,632
2009,PA Suburban Counties Subregion,Poor,NHS,1258.6,101
2009,PA Suburban Counties Subregion,Poor,Non-NHS,1503.8,531
2009,Philadelphia County Subregion,All,All,17032.8,586
2009,Philadelphia County Subregion,All,NHS,10677.5,161
2009,Philadelphia County Subregion,All,Non-NHS,6355.4,425
2009,Philadelphia County Subregion,Fair,All,11439.5,335
2009,Philadelphia County Subregion,Fair,NHS,7423.0,95
2009,Philadelphia County Subregion,Fair,Non-NHS,4016.5,240
2009,Philadelphia County Subregion,Good,All,1595.9,93
2009,Philadelphia County Subregion,Good,NHS,632.1,18
2009,Philadelphia County Subregion,Good,Non-NHS,963.8,75
2009,Philadelphia County Subregion,Poor,All,3997.5,158
2009,Philadelphia County Subregion,Poor,NHS,2622.4,48
2009,Philadelphia County Subregion,Poor,Non-NHS,1375.0,110
2010,DVRPC Region,All,All,43490.5,4129
2010,DVRPC Region,All,NHS,26894.1,1264
2010,DVRPC Region,All,Non-NHS,16596.4,2865
2010,DVRPC Region,Fair,All,27982.6,2249
2010,DVRPC Region,Fair,NHS,18204.0,780
2010,DVRPC Region,Fair,Non-NHS,9778.6,1469
2010,DVRPC Region,Good,All,8562.8,981
2010,DVRPC Region,Good,NHS,4741.0,313
2010,DVRPC Region,Good,Non-NHS,3821.8,668
2010,DVRPC Region,Poor,All,6945.1,899
2010,DVRPC Region,Poor,NHS,3949.0,171
2010,DVRPC Region,Poor,Non-NHS,2996.1,728
2010,NJ Counties Subregion,All,All,11902.6,1194
2010,NJ Counties Subregion,All,NHS,8340.9,477
2010,NJ Counties Subregion,All,Non-NHS,3561.7,717
2010,NJ Counties Subregion,Fair,All,7606.6,690
2010,NJ Counties Subregion,Fair,NHS,5692.5,290
2010,NJ Counties Subregion,Fair,Non-NHS,1914.1,400
2010,NJ Counties Subregion,Good,All,3590.2,385
2010,NJ Counties Subregion,Good,NHS,2299.5,159
2010,NJ Counties Subregion,Good,Non-NHS,1290.7,226
2010,NJ Counties Subregion,Poor,All,705.7,119
2010,NJ Counties Subregion,Poor,NHS,349.0,28
2010,NJ Counties Subregion,Poor,Non-NHS,356.8,91
2010,PA Counties Subregion,All,All,31587.9,2935
2010,PA Counties Subregion,All,NHS,18553.2,787
2010,PA Counties Subregion,All,Non-NHS,13034.7,2148
2010,PA Counties Subregion,Fair,All,20376.0,1559
2010,PA Counties Subregion,Fair,NHS,12511.6,490
2010,PA Counties Subregion,Fair,Non-NHS,7864.4,1069
2010,PA Counties Subregion,Good,All,4972.6,596
2010,PA Counties Subregion,Good,NHS,2441.6,154
2010,PA Counties Subregion,Good,Non-NHS,2531.0,442
2010,PA Counties Subregion,Poor,All,6239.3,780
2010,PA Counties Subregion,Poor,NHS,3600.1,143
2010,PA Counties Subregion,Poor,Non-NHS,2639.3,637
2010,PA Suburban Counties Subregion,All,All,14583.2,2352
2010,PA Suburban Counties Subregion,All,NHS,7893.3,626
2010,PA Suburban Counties Subregion,All,Non-NHS,6689.9,1726
2010,PA Suburban Counties Subregion,Fair,All,8483.1,1218
2010,PA Suburban Counties Subregion,Fair,NHS,4789.9,393
2010,PA Suburban Counties Subregion,Fair,Non-NHS,3693.3,825
2010,PA Suburban Counties Subregion,Good,All,3622.4,506
2010,PA Suburban Counties Subregion,Good,NHS,2044.3,137
2010,PA Suburban Counties Subregion,Good,Non-NHS,1578.1,369
2010,PA Suburban Counties Subregion,Poor,All,2477.7,628
2010,PA Suburban Counties Subregion,Poor,NHS,1059.2,96
2010,PA Suburban Counties Subregion,Poor,Non-NHS,1418.5,532
2010,Philadelphia County Subregion,All,All,17004.7,583
2010,Philadelphia County Subregion,All,NHS,10659.9,161
2010,Philadelphia County Subregion,All,Non-NHS,6344.8,422
2010,Philadelphia County Subregion,Fair,All,11892.9,341
2010,Philadelphia County Subregion,Fair,NHS,7721.7,97
2010,Philadelphia County Subregion,Fair,Non-NHS,4171.2,244
2010,Philadelphia County Subregion,Good,All,1350.2,90
2010,Philadelphia County Subregion,Good,NHS,397.3,17
2010,Philadelphia County Subregion,Good,Non-NHS,952.9,73
2010,Philadelphia County Subregion,Poor,All,3761.6,152
2010,Philadelphia County Subregion,Poor,NHS,2540.9,47
2010,Philadelphia County Subregion,Poor,Non-NHS,1220.7,105
2011,DVRPC Region,All,All,43583.4,4139
2011,DVRPC Region,All,NHS,26943.3,1268
2011,DVRPC Region,All,Non-NHS,16640.1,2871
2011,DVRPC Region,Fair,All,29147.8,2278
2011,DVRPC Region,Fair,NHS,19165.4,794
2011,DVRPC Region,Fair,Non-NHS,9982.5,1484
2011,DVRPC Region,Good,All,8246.7,969
2011,DVRPC Region,Good,NHS,4472.6,311
2011,DVRPC Region,Good,Non-NHS,3774.0,658
2011,DVRPC Region,Poor,All,6188.8,892
2011,DVRPC Region,Poor,NHS,3305.3,163
2011,DVRPC Region,Poor,Non-NHS,2883.5,729
2011,NJ Counties Subregion,All,All,11896.5,1195
2011,NJ Counties Subregion,All,NHS,8353.5,479
2011,NJ Counties Subregion,All,Non-NHS,3543.0,716
2011,NJ Counties Subregion,Fair,All,7743.6,696
2011,NJ Counties Subregion,Fair,NHS,5784.6,293
2011,NJ Counties Subregion,Fair,Non-NHS,1958.9,403
2011,NJ Counties Subregion,Good,All,3508.5,379
2011,NJ Counties Subregion,Good,NHS,2259.2,159
2011,NJ Counties Subregion,Good,Non-NHS,1249.2,220
2011,NJ Counties Subregion,Poor,All,644.4,120
2011,NJ Counties Subregion,Poor,NHS,309.6,27
2011,NJ Counties Subregion,Poor,Non-NHS,334.8,93
2011,PA Counties Subregion,All,All,31686.9,2944
2011,PA Counties Subregion,All,NHS,18589.8,789
2011,PA Counties Subregion,All,Non-NHS,13097.1,2155
2011,PA Counties Subregion,Fair,All,21404.3,1582
2011,PA Counties Subregion,Fair,NHS,13380.7,501
2011,PA Counties Subregion,Fair,Non-NHS,8023.5,1081
2011,PA Counties Subregion,Good,All,4738.2,590
2011,PA Counties Subregion,Good,NHS,2213.4,152
2011,PA Counties Subregion,Good,Non-NHS,2524.8,438
2011,PA Counties Subregion,Poor,All,5544.4,772
2011,PA Counties Subregion,Poor,NHS,2995.7,136
2011,PA Counties Subregion,Poor,Non-NHS,2548.8,636
2011,PA Suburban Counties Subregion,All,All,14666.5,2365
2011,PA Suburban Counties Subregion,All,NHS,7899.9,627
2011,PA Suburban Counties Subregion,All,Non-NHS,6766.6,1738
2011,PA Suburban Counties Subregion,Fair,All,8812.7,1228
2011,PA Suburban Counties Subregion,Fair,NHS,5012.9,394
2011,PA Suburban Counties Subregion,Fair,Non-NHS,3799.8,834
2011,PA Suburban Counties Subregion,Good,All,3315.6,501
2011,PA Suburban Counties Subregion,Good,NHS,1798.2,136
2011,PA Suburban Counties Subregion,Good,Non-NHS,1517.4,365
2011,PA Suburban Counties Subregion,Poor,All,2538.2,636
2011,PA Suburban Counties Subregion,Poor,NHS,1088.9,97
2011,PA Suburban Counties Subregion,Poor,Non-NHS,1449.3,539
2011,Philadelphia County Subregion,All,All,17020.4,579
2011,Philadelphia County Subregion,All,NHS,10689.9,162
2011,Philadelphia County Subregion,All,Non-NHS,6330.5,417
2011,Philadelphia County Subregion,Fair,All,12591.5,354
2011,Philadelphia County Subregion,Fair,NHS,8367.8,107
2011,Philadelphia County Subregion,Fair,Non-NHS,4223.7,247
2011,Philadelphia County Subregion,Good,All,1422.6,89
2011,Philadelphia County Subregion,Good,NHS,415.2,16
2011,Philadelphia County Subregion,Good,Non-NHS,1007.4,73
2011,Philadelphia County Subregion,Poor,All,3006.2,136
2011,Philadelphia County Subregion,Poor,NHS,1906.8,39
2011,Philadelphia County Subregion,Poor,Non-NHS,1099.4,97
2012,DVRPC Region,All,All,43698.9,4164
2012,DVRPC Region,All,NHS,26812.0,1270
2012,DVRPC Region,All,Non-NHS,16886.9,2894
2012,DVRPC Region,Fair,All,30037.8,2328
2012,DVRPC Region,Fair,NHS,19792.6,806
2012,DVRPC Region,Fair,Non-NHS,10245.2,1522
2012,DVRPC Region,Good,All,8327.1,992
2012,DVRPC Region,Good,NHS,4294.2,310
2012,DVRPC Region,Good,Non-NHS,4032.9,682
2012,DVRPC Region,Poor,All,5334.0,844
2012,DVRPC Region,Poor,NHS,2725.2,154
2012,DVRPC Region,Poor,Non-NHS,2608.8,690
2012,NJ Counties Subregion,All,All,11836.3,1194
2012,NJ Counties Subregion,All,NHS,8315.8,479
2012,NJ Counties Subregion,All,Non-NHS,3520.5,715
2012,NJ Counties Subregion,Fair,All,7596.8,685
2012,NJ Counties Subregion,Fair,NHS,5656.8,290
2012,NJ Counties Subregion,Fair,Non-NHS,1939.9,395
2012,NJ Counties Subregion,Good,All,3570.5,385
2012,NJ Counties Subregion,Good,NHS,2360.1,162
2012,NJ Counties Subregion,Good,Non-NHS,1210.5,223
2012,NJ Counties Subregion,Poor,All,669.0,124
2012,NJ Counties Subregion,Poor,NHS,298.9,27
2012,NJ Counties Subregion,Poor,Non-NHS,370.2,97
2012,PA Counties Subregion,All,All,31862.6,2970
2012,PA Counties Subregion,All,NHS,18496.2,791
2012,PA Counties Subregion,All,Non-NHS,13366.4,2179
2012,PA Counties Subregion,Fair,All,22441.1,1643
2012,PA Counties Subregion,Fair,NHS,14135.8,516
2012,PA Counties Subregion,Fair,Non-NHS,8305.3,1127
2012,PA Counties Subregion,Good,All,4756.5,607
2012,PA Counties Subregion,Good,NHS,1934.1,148
2012,PA Counties Subregion,Good,Non-NHS,2822.4,459
2012,PA Counties Subregion,Poor,All,4665.0,720
2012,PA Counties Subregion,Poor,NHS,2426.3,127
2012,PA Counties Subregion,Poor,Non-NHS,2238.6,593
2012,PA Suburban Counties Subregion,All,All,14915.5,2392
2012,PA Suburban Counties Subregion,All,NHS,7918.0,631
2012,PA Suburban Counties Subregion,All,Non-NHS,6997.5,1761
2012,PA Suburban Counties Subregion,Fair,All,9334.7,1283
2012,PA Suburban Counties Subregion,Fair,NHS,5354.8,407
2012,PA Suburban Counties Subregion,Fair,Non-NHS,3979.9,876
2012,PA Suburban Counties Subregion,Good,All,3476.8,514
2012,PA Suburban Counties Subregion,Good,NHS,1741.1,133
2012,PA Suburban Counties Subregion,Good,Non-NHS,1735.7,381
2012,PA Suburban Counties Subregion,Poor,All,2104.0,595
2012,PA Suburban Counties Subregion,Poor,NHS,822.2,91
2012,PA Suburban Counties Subregion,Poor,Non-NHS,1281.8,504
2012,Philadelphia County Subregion,All,All,16947.1,578
2012,Philadelphia County Subregion,All,NHS,10578.1,160
2012,Philadelphia County Subregion,All,Non-NHS,6368.9,418
2012,Philadelphia County Subregion,Fair,All,13106.4,360
2012,Philadelphia County Subregion,Fair,NHS,8781.0,109
2012,Philadelphia County Subregion,Fair,Non-NHS,4325.4,251
2012,Philadelphia County Subregion,Good,All,1279.7,93
2012,Philadelphia County Subregion,Good,NHS,193.0,15
2012,Philadelphia County Subregion,Good,Non-NHS,1086.7,78
2012,Philadelphia County Subregion,Poor,All,2561.0,125
2012,Philadelphia County Subregion,Poor,NHS,1604.2,36
2012,Philadelphia County Subregion,Poor,Non-NHS,956.8,89
2013,DVRPC Region,All,All,43789.0,4177
2013,DVRPC Region,All,NHS,30189.3,1575
2013,DVRPC Region,All,Non-NHS,13599.7,2602
2013,DVRPC Region,Fair,All,30088.9,2344
2013,DVRPC Region,Fair,NHS,21932.0,1012
2013,DVRPC Region,Fair,Non-NHS,8157.0,1332
2013,DVRPC Region,Good,All,8353.9,1015
2013,DVRPC Region,Good,NHS,4760.6,354
2013,DVRPC Region,Good,Non-NHS,3593.2,661
2013,DVRPC Region,Poor,All,5346.1,818
2013,DVRPC Region,Poor,NHS,3496.7,209
2013,DVRPC Region,Poor,Non-NHS,1849.5,609
2013,NJ Counties Subregion,All,All,11792.7,1182
2013,NJ Counties Subregion,All,NHS,8647.4,518
2013,NJ Counties Subregion,All,Non-NHS,3145.3,664
2013,NJ Counties Subregion,Fair,All,7196.6,677
2013,NJ Counties Subregion,Fair,NHS,5548.5,316
2013,NJ Counties Subregion,Fair,Non-NHS,1648.2,361
2013,NJ Counties Subregion,Good,All,3409.5,378
2013,NJ Counties Subregion,Good,NHS,2220.7,163
2013,NJ Counties Subregion,Good,Non-NHS,1188.8,215
2013,NJ Counties Subregion,Poor,All,1186.5,127
2013,NJ Counties Subregion,Poor,NHS,878.2,39
2013,NJ Counties Subregion,Poor,Non-NHS,308.3,88
2013,PA Counties Subregion,All,All,31996.3,2995
2013,PA Counties Subregion,All,NHS,21541.9,1057
2013,PA Counties Subregion,All,Non-NHS,10454.4,1938
2013,PA Counties Subregion,Fair,All,22892.3,1667
2013,PA Counties Subregion,Fair,NHS,16383.5,696
2013,PA Counties Subregion,Fair,Non-NHS,6508.8,971
2013,PA Counties Subregion,Good,All,4944.3,637
2013,PA Counties Subregion,Good,NHS,2539.9,191
2013,PA Counties Subregion,Good,Non-NHS,2404.4,446
2013,PA Counties Subregion,Poor,All,4159.7,691
2013,PA Counties Subregion,Poor,NHS,2618.4,170
2013,PA Counties Subregion,Poor,Non-NHS,1541.2,521
2013,PA Suburban Counties Subregion,All,All,15075.6,2416
2013,PA Suburban Counties Subregion,All,NHS,9253.0,809
2013,PA Suburban Counties Subregion,All,Non-NHS,5822.6,1607
2013,PA Suburban Counties Subregion,Fair,All,9481.7,1298
2013,PA Suburban Counties Subregion,Fair,NHS,6263.9,519
2013,PA Suburban Counties Subregion,Fair,Non-NHS,3217.8,779
2013,PA Suburban Counties Subregion,Good,All,3703.0,544
2013,PA Suburban Counties Subregion,Good,NHS,2121.4,169
2013,PA Suburban Counties Subregion,Good,Non-NHS,1581.6,375
2013,PA Suburban Counties Subregion,Poor,All,1890.9,574
2013,PA Suburban Counties Subregion,Poor,NHS,867.7,121
2013,PA Suburban Counties Subregion,Poor,Non-NHS,1023.2,453
2013,Philadelphia County Subregion,All,All,16920.7,579
2013,Philadelphia County Subregion,All,NHS,12288.9,248
2013,Philadelphia County Subregion,All,Non-NHS,4631.8,331
2013,Philadelphia County Subregion,Fair,All,13410.6,369
2013,Philadelphia County Subregion,Fair,NHS,10119.6,177
2013,Philadelphia County Subregion,Fair,Non-NHS,3291.0,192
2013,Philadelphia County Subregion,Good,All,1241.4,93
2013,Philadelphia County Subregion,Good,NHS,418.6,22
2013,Philadelphia County Subregion,Good,Non-NHS,822.8,71
2013,Philadelphia County Subregion,Poor,All,2268.8,117
2013,Philadelphia County Subregion,Poor,NHS,1750.8,49
2013,Philadelphia County Subregion,Poor,Non-NHS,518.0,68
2014,DVRPC Region,All,All,42564.8,4203
2014,DVRPC Region,All,NHS,32924.3,1772
2014,DVRPC Region,All,Non-NHS,9640.5,2431
2014,DVRPC Region,Fair,All,29012.7,2374
2014,DVRPC Region,Fair,NHS,23922.6,1134
2014,DVRPC Region,Fair,Non-NHS,5090.0,1240
2014,DVRPC Region,Good,All,8827.9,1034
2014,DVRPC Region,Good,NHS,5959.6,426
2014,DVRPC Region,Good,Non-NHS,2868.3,608
2014,DVRPC Region,Poor,All,4724.2,795
2014,DVRPC Region,Poor,NHS,3042.1,212
2014,DVRPC Region,Poor,Non-NHS,1682.1,583
2014,NJ Counties Subregion,All,All,12203.6,1203
2014,NJ Counties Subregion,All,NHS,8964.4,532
2014,NJ Counties Subregion,All,Non-NHS,3239.2,671
2014,NJ Counties Subregion,Fair,All,7870.8,703
2014,NJ Counties Subregion,Fair,NHS,6138.7,326
2014,NJ Counties Subregion,Fair,Non-NHS,1732.2,377
2014,NJ Counties Subregion,Good,All,3665.5,379
2014,NJ Counties Subregion,Good,NHS,2460.7,168
2014,NJ Counties Subregion,Good,Non-NHS,1204.8,211
2014,NJ Counties Subregion,Poor,All,667.3,121
2014,NJ Counties Subregion,Poor,NHS,365.1,38
2014,NJ Counties Subregion,Poor,Non-NHS,302.2,83
2014,PA Counties Subregion,All,All,30361.2,3000
2014,PA Counties Subregion,All,NHS,23959.9,1240
2014,PA Counties Subregion,All,Non-NHS,6401.3,1760
2014,PA Counties Subregion,Fair,All,21141.8,1671
2014,PA Counties Subregion,Fair,NHS,17784.0,808
2014,PA Counties Subregion,Fair,Non-NHS,3357.9,863
2014,PA Counties Subregion,Good,All,5162.4,655
2014,PA Counties Subregion,Good,NHS,3498.9,258
2014,PA Counties Subregion,Good,Non-NHS,1663.5,397
2014,PA Counties Subregion,Poor,All,4056.9,674
2014,PA Counties Subregion,Poor,NHS,2677.0,174
2014,PA Counties Subregion,Poor,Non-NHS,1379.9,500
2014,PA Suburban Counties Subregion,All,All,14701.2,2423
2014,PA Suburban Counties Subregion,All,NHS,10068.0,883
2014,PA Suburban Counties Subregion,All,Non-NHS,4633.2,1540
2014,PA Suburban Counties Subregion,Fair,All,8945.9,1302
2014,PA Suburban Counties Subregion,Fair,NHS,6626.3,553
2014,PA Suburban Counties Subregion,Fair,Non-NHS,2319.6,749
2014,PA Suburban Counties Subregion,Good,All,3931.7,564
2014,PA Suburban Counties Subregion,Good,NHS,2554.5,210
2014,PA Suburban Counties Subregion,Good,Non-NHS,1377.1,354
2014,PA Suburban Counties Subregion,Poor,All,1823.6,557
2014,PA Suburban Counties Subregion,Poor,NHS,887.2,120
2014,PA Suburban Counties Subregion,Poor,Non-NHS,936.5,437
2014,Philadelphia County Subregion,All,All,15660.0,577
2014,Philadelphia County Subregion,All,NHS,13891.9,357
2014,Philadelphia County Subregion,All,Non-NHS,1768.1,220
2014,Philadelphia County Subregion,Fair,All,12196.0,369
2014,Philadelphia County Subregion,Fair,NHS,11157.7,255
2014,Philadelphia County Subregion,Fair,Non-NHS,1038.3,114
2014,Philadelphia County Subregion,Good,All,1230.7,91
2014,Philadelphia County Subregion,Good,NHS,944.4,48
2014,Philadelphia County Subregion,Good,Non-NHS,286.4,43
2014,Philadelphia County Subregion,Poor,All,2233.3,117
2014,Philadelphia County Subregion,Poor,NHS,1789.9,54
2014,Philadelphia County Subregion,Poor,Non-NHS,443.4,63
2015,DVRPC Region,All,All,43465.2,4264
2015,DVRPC Region,All,NHS,33558.8,1807
2015,DVRPC Region,All,Non-NHS,9906.4,2457
2015,DVRPC Region,Fair,All,29585.3,2410
2015,DVRPC Region,Fair,NHS,24538.1,1163
2015,DVRPC Region,Fair,Non-NHS,5047.2,1247
2015,DVRPC Region,Good,All,9542.5,1083
2015,DVRPC Region,Good,NHS,6341.9,449
2015,DVRPC Region,Good,Non-NHS,3200.6,634
2015,DVRPC Region,Poor,All,4337.4,771
2015,DVRPC Region,Poor,NHS,2678.8,195
2015,DVRPC Region,Poor,Non-NHS,1658.6,576
2015,NJ Counties Subregion,All,All,12973.9,1253
2015,NJ Counties Subregion,All,NHS,9491.7,569
2015,NJ Counties Subregion,All,Non-NHS,3482.2,684
2015,NJ Counties Subregion,Fair,All,7959.9,719
2015,NJ Counties Subregion,Fair,NHS,6271.2,335
2015,NJ Counties Subregion,Fair,Non-NHS,1688.7,384
2015,NJ Counties Subregion,Good,All,4435.1,423
2015,NJ Counties Subregion,Good,NHS,2928.1,198
2015,NJ Counties Subregion,Good,Non-NHS,1507.0,225
2015,NJ Counties Subregion,Poor,All,578.9,111
2015,NJ Counties Subregion,Poor,NHS,292.4,36
2015,NJ Counties Subregion,Poor,Non-NHS,286.5,75
2015,PA Counties Subregion,All,All,30491.3,3011
2015,PA Counties Subregion,All,NHS,24067.1,1238
2015,PA Counties Subregion,All,Non-NHS,6424.2,1773
2015,PA Counties Subregion,Fair,All,21625.4,1691
2015,PA Counties Subregion,Fair,NHS,18266.9,828
2015,PA Counties Subregion,Fair,Non-NHS,3358.5,863
2015,PA Counties Subregion,Good,All,5107.4,660
2015,PA Counties Subregion,Good,NHS,3413.8,251
2015,PA Counties Subregion,Good,Non-NHS,1693.6,409
2015,PA Counties Subregion,Poor,All,3758.5,660
2015,PA Counties Subregion,Poor,NHS,2386.4,159
2015,PA Counties Subregion,Poor,Non-NHS,1372.0,501
2015,PA Suburban Counties Subregion,All,All,14789.9,2432
2015,PA Suburban Counties Subregion,All,NHS,10134.1,880
2015,PA Suburban Counties Subregion,All,Non-NHS,4655.8,1552
2015,PA Suburban Counties Subregion,Fair,All,9201.5,1316
2015,PA Suburban Counties Subregion,Fair,NHS,6880.5,565
2015,PA Suburban Counties Subregion,Fair,Non-NHS,2321.0,751
2015,PA Suburban Counties Subregion,Good,All,3842.9,567
2015,PA Suburban Counties Subregion,Good,NHS,2442.2,202
2015,PA Suburban Counties Subregion,Good,Non-NHS,1400.7,365
2015,PA Suburban Counties Subregion,Poor,All,1745.6,549
2015,PA Suburban Counties Subregion,Poor,NHS,811.4,113
2015,PA Suburban Counties Subregion,Poor,Non-NHS,934.1,436
2015,Philadelphia County Subregion,All,All,15701.4,579
2015,Philadelphia County Subregion,All,NHS,13933.0,358
2015,Philadelphia County Subregion,All,Non-NHS,1768.3,221
2015,Philadelphia County Subregion,Fair,All,12423.9,375
2015,Philadelphia County Subregion,Fair,NHS,11386.5,263
2015,Philadelphia County Subregion,Fair,Non-NHS,1037.5,112
2015,Philadelphia County Subregion,Good,All,1264.6,93
2015,Philadelphia County Subregion,Good,NHS,971.6,49
2015,Philadelphia County Subregion,Good,Non-NHS,293.0,44
2015,Philadelphia County Subregion,Poor,All,2012.9,111
2015,Philadelphia County Subregion,Poor,NHS,1575.0,46
2015,Philadelphia County Subregion,Poor,Non-NHS,437.9,65
2016,DVRPC Region,All,All,43484.4,4277
2016,DVRPC Region,All,NHS,33413.9,1804
2016,DVRPC Region,All,Non-NHS,10070.5,2473
2016,DVRPC Region,Fair,All,29548.6,2419
2016,DVRPC Region,Fair,NHS,24495.7,1162
2016,DVRPC Region,Fair,Non-NHS,5052.9,1257
2016,DVRPC Region,Good,All,9624.0,1087
2016,DVRPC Region,Good,NHS,6248.1,449
2016,DVRPC Region,Good,Non-NHS,3376.0,638
2016,DVRPC Region,Poor,All,4311.8,771
2016,DVRPC Region,Poor,NHS,2670.1,193
2016,DVRPC Region,Poor,Non-NHS,1641.7,578
2016,NJ Counties Subregion,All,All,13116.9,1270
2016,NJ Counties Subregion,All,NHS,9615.4,576
2016,NJ Counties Subregion,All,Non-NHS,3501.5,694
2016,NJ Counties Subregion,Fair,All,8033.8,728
2016,NJ Counties Subregion,Fair,NHS,6345.0,341
2016,NJ Counties Subregion,Fair,Non-NHS,1688.7,387
2016,NJ Counties Subregion,Good,All,4459.8,420
2016,NJ Counties Subregion,Good,NHS,2936.5,196
2016,NJ Counties Subregion,Good,Non-NHS,1523.3,224
2016,NJ Counties Subregion,Poor,All,623.3,122
2016,NJ Counties Subregion,Poor,NHS,333.9,39
2016,NJ Counties Subregion,Poor,Non-NHS,289.4,83
2016,PA Counties Subregion,All,All,30367.5,3007
2016,PA Counties Subregion,All,NHS,23798.4,1228
2016,PA Counties Subregion,All,Non-NHS,6569.1,1779
2016,PA Counties Subregion,Fair,All,21514.8,1691
2016,PA Counties Subregion,Fair,NHS,18150.7,821
2016,PA Counties Subregion,Fair,Non-NHS,3364.2,870
2016,PA Counties Subregion,Good,All,5164.3,667
2016,PA Counties Subregion,Good,NHS,3311.6,253
2016,PA Counties Subregion,Good,Non-NHS,1852.7,414
2016,PA Counties Subregion,Poor,All,3688.5,649
2016,PA Counties Subregion,Poor,NHS,2336.2,154
2016,PA Counties Subregion,Poor,Non-NHS,1352.3,495
2016,PA Suburban Counties Subregion,All,All,14732.2,2428
2016,PA Suburban Counties Subregion,All,NHS,10083.7,878
2016,PA Suburban Counties Subregion,All,Non-NHS,4648.5,1550
2016,PA Suburban Counties Subregion,Fair,All,9098.5,1312
2016,PA Suburban Counties Subregion,Fair,NHS,6788.4,558
2016,PA Suburban Counties Subregion,Fair,Non-NHS,2310.2,754
2016,PA Suburban Counties Subregion,Good,All,3928.4,577
2016,PA Suburban Counties Subregion,Good,NHS,2478.3,210
2016,PA Suburban Counties Subregion,Good,Non-NHS,1450.2,367
2016,PA Suburban Counties Subregion,Poor,All,1705.2,539
2016,PA Suburban Counties Subregion,Poor,NHS,817.1,110
2016,PA Suburban Counties Subregion,Poor,Non-NHS,888.1,429
2016,Philadelphia County Subregion,All,All,15635.4,579
2016,Philadelphia County Subregion,All,NHS,13714.7,350
2016,Philadelphia County Subregion,All,Non-NHS,1920.6,229
2016,Philadelphia County Subregion,Fair,All,12416.3,379
2016,Philadelphia County Subregion,Fair,NHS,11362.3,263
2016,Philadelphia County Subregion,Fair,Non-NHS,1054.0,116
2016,Philadelphia County Subregion,Good,All,1235.8,90
2016,Philadelphia County Subregion,Good,NHS,833.3,43
2016,Philadelphia County Subregion,Good,Non-NHS,402.5,47
2016,Philadelphia County Subregion,Poor,All,1983.3,110
2016,Philadelphia County Subregion,Poor,NHS,1519.1,44
2016,Philadelphia County Subregion,Poor,Non-NHS,464.1,66
2017,DVRPC Region,All,All,43581.7,4268
2017,DVRPC Region,All,NHS,33449.1,1791
2017,DVRPC Region,All,Non-NHS,10132.7,2477
2017,DVRPC Region,Fair,All,29998.8,2442
2017,DVRPC Region,Fair,NHS,24902.6,1172
2017,DVRPC Region,Fair,Non-NHS,5096.2,1270
2017,DVRPC Region,Good,All,9562.3,1106
2017,DVRPC Region,Good,NHS,6143.3,447
2017,DVRPC Region,Good,Non-NHS,3419.0,659
2017,DVRPC Region,Poor,All,4020.6,720
2017,DVRPC Region,Poor,NHS,2403.2,172
2017,DVRPC Region,Poor,Non-NHS,1617.5,548
2017,NJ Counties Subregion,All,All,13187.1,1268
2017,NJ Counties Subregion,All,NHS,9670.9,577
2017,NJ Counties Subregion,All,Non-NHS,3516.2,691
2017,NJ Counties Subregion,Fair,All,8092.5,733
2017,NJ Counties Subregion,Fair,NHS,6405.3,345
2017,NJ Counties Subregion,Fair,Non-NHS,1687.2,388
2017,NJ Counties Subregion,Good,All,4457.8,417
2017,NJ Counties Subregion,Good,NHS,2941.2,194
2017,NJ Counties Subregion,Good,Non-NHS,1516.6,223
2017,NJ Counties Subregion,Poor,All,636.8,118
2017,NJ Counties Subregion,Poor,NHS,324.4,38
2017,NJ Counties Subregion,Poor,Non-NHS,312.4,80
2017,PA Counties Subregion,All,All,30394.6,3000
2017,PA Counties Subregion,All,NHS,23778.2,1214
2017,PA Counties Subregion,All,Non-NHS,6616.4,1786
2017,PA Counties Subregion,Fair,All,21906.3,1709
2017,PA Counties Subregion,Fair,NHS,18497.3,827
2017,PA Counties Subregion,Fair,Non-NHS,3409.0,882
2017,PA Counties Subregion,Good,All,5104.5,689
2017,PA Counties Subregion,Good,NHS,3202.1,253
2017,PA Counties Subregion,Good,Non-NHS,1902.4,436
2017,PA Counties Subregion,Poor,All,3383.8,602
2017,PA Counties Subregion,Poor,NHS,2078.8,134
2017,PA Counties Subregion,Poor,Non-NHS,1305.0,468
2017,PA Suburban Counties Subregion,All,All,14885.2,2426
2017,PA Suburban Counties Subregion,All,NHS,10215.9,871
2017,PA Suburban Counties Subregion,All,Non-NHS,4669.3,1555
2017,PA Suburban Counties Subregion,Fair,All,9459.7,1326
2017,PA Suburban Counties Subregion,Fair,NHS,7155.4,564
2017,PA Suburban Counties Subregion,Fair,Non-NHS,2304.4,762
2017,PA Suburban Counties Subregion,Good,All,3858.2,598
2017,PA Suburban Counties Subregion,Good,NHS,2371.6,211
2017,PA Suburban Counties Subregion,Good,Non-NHS,1486.6,387
2017,PA Suburban Counties Subregion,Poor,All,1567.3,502
2017,PA Suburban Counties Subregion,Poor,NHS,689.0,96
2017,PA Suburban Counties Subregion,Poor,Non-NHS,878.3,406
2017,Philadelphia County Subregion,All,All,15509.4,574
2017,Philadelphia County Subregion,All,NHS,13562.3,343
2017,Philadelphia County Subregion,All,Non-NHS,1947.1,231
2017,Philadelphia County Subregion,Fair,All,12446.5,383
2017,Philadelphia County Subregion,Fair,NHS,11341.9,263
2017,Philadelphia County Subregion,Fair,Non-NHS,1104.6,120
2017,Philadelphia County Subregion,Good,All,1246.4,91
2017,Philadelphia County Subregion,Good,NHS,830.6,42
2017,Philadelphia County Subregion,Good,Non-NHS,415.8,49
2017,Philadelphia County Subregion,Poor,All,1816.5,100
2017,Philadelphia County Subregion,Poor,NHS,1389.8,38
2017,Philadelphia County Subregion,Poor,Non-NHS,426.7,62
2018,DVRPC Region,All,All,45562.5,4325
2018,DVRPC Region,All,NHS,35219.5,1799
2018,DVRPC Region,All,Non-NHS,10343.0,2526
2018,DVRPC Region,Fair,All,31737.5,2484
2018,DVRPC Region,Fair,NHS,26521.6,1176
2018,DVRPC Region,Fair,Non-NHS,5215.9,1308
2018,DVRPC Region,Good,All,9831.8,1147
2018,DVRPC Region,Good,NHS,6457.6,461
2018,DVRPC Region,Good,Non-NHS,3374.1,686
2018,DVRPC Region,Poor,All,3993.2,694
2018,DVRPC Region,Poor,NHS,2240.3,162
2018,DVRPC Region,Poor,Non-NHS,1752.9,532
2018,NJ Counties Subregion,All,All,13157.6,1264
2018,NJ Counties Subregion,All,NHS,9638.8,574
2018,NJ Counties Subregion,All,Non-NHS,3518.7,690
2018,NJ Counties Subregion,Fair,All,8163.0,732
2018,NJ Counties Subregion,Fair,NHS,6462.5,346
2018,NJ Counties Subregion,Fair,Non-NHS,1700.5,386
2018,NJ Counties Subregion,Good,All,4355.2,411
2018,NJ Counties Subregion,Good,NHS,2851.8,190
2018,NJ Counties Subregion,Good,Non-NHS,1503.4,221
2018,NJ Counties Subregion,Poor,All,639.4,121
2018,NJ Counties Subregion,Poor,NHS,324.6,38
2018,NJ Counties Subregion,Poor,Non-NHS,314.8,83
2018,PA Counties Subregion,All,All,32404.9,3061
2018,PA Counties Subregion,All,NHS,25580.7,1225
2018,PA Counties Subregion,All,Non-NHS,6824.2,1836
2018,PA Counties Subregion,Fair,All,23574.5,1752
2018,PA Counties Subregion,Fair,NHS,20059.1,830
2018,PA Counties Subregion,Fair,Non-NHS,3515.4,922
2018,PA Counties Subregion,Good,All,5476.6,736
2018,PA Counties Subregion,Good,NHS,3605.9,271
2018,PA Counties Subregion,Good,Non-NHS,1870.7,465
2018,PA Counties Subregion,Poor,All,3353.8,573
2018,PA Counties Subregion,Poor,NHS,1915.7,124
2018,PA Counties Subregion,Poor,Non-NHS,1438.1,449
2018,PA Suburban Counties Subregion,All,All,15675.2,2478
2018,PA Suburban Counties Subregion,All,NHS,10831.8,879
2018,PA Suburban Counties Subregion,All,Non-NHS,4843.5,1599
2018,PA Suburban Counties Subregion,Fair,All,9999.4,1360
2018,PA Suburban Counties Subregion,Fair,NHS,7510.0,563
2018,PA Suburban Counties Subregion,Fair,Non-NHS,2489.4,797
2018,PA Suburban Counties Subregion,Good,All,4150.3,639
2018,PA Suburban Counties Subregion,Good,NHS,2694.8,226
2018,PA Suburban Counties Subregion,Good,Non-NHS,1455.6,413
2018,PA Suburban Counties Subregion,Poor,All,1525.5,479
2018,PA Suburban Counties Subregion,Poor,NHS,627.0,90
2018,PA Suburban Counties Subregion,Poor,Non-NHS,898.5,389
2018,Philadelphia County Subregion,All,All,16729.7,583
2018,Philadelphia County Subregion,All,NHS,14748.9,346
2018,Philadelphia County Subregion,All,Non-NHS,1980.7,237
2018,Philadelphia County Subregion,Fair,All,13575.1,392
2018,Philadelphia County Subregion,Fair,NHS,12549.0,267
2018,Philadelphia County Subregion,Fair,Non-NHS,1026.1,125
2018,Philadelphia County Subregion,Good,All,1326.3,97
2018,Philadelphia County Subregion,Good,NHS,911.1,45
2018,Philadelphia County Subregion,Good,Non-NHS,415.2,52
2018,Philadelphia County Subregion,Poor,All,1828.3,94
2018,Philadelphia County Subregion,Poor,NHS,1288.8,34
2018,Philadelphia County Subregion,Poor,Non-NHS,539.5,60
2019,DVRPC Region,All,All,44692.2,4361
2019,DVRPC Region,All,NHS,34429.7,1800
2019,DVRPC Region,All,Non-NHS,10262.5,2561
2019,DVRPC Region,Fair,All,30351.3,2526
2019,DVRPC Region,Fair,NHS,25153.8,1173
2019,DVRPC Region,Fair,Non-NHS,5197.4,1353
2019,DVRPC Region,Good,All,10475.1,1187
2019,DVRPC Region,Good,NHS,7058.5,483
2019,DVRPC Region,Good,Non-NHS,3416.5,704
2019,DVRPC Region,Poor,All,3865.8,648
2019,DVRPC Region,Poor,NHS,2217.3,144
2019,DVRPC Region,Poor,Non-NHS,1648.5,504
2019,NJ Counties Subregion,All,All,13579.6,1270
2019,NJ Counties Subregion,All,NHS,10030.8,578
2019,NJ Counties Subregion,All,Non-NHS,3548.8,692
2019,NJ Counties Subregion,Fair,All,8619.5,742
2019,NJ Counties Subregion,Fair,NHS,6894.1,354
2019,NJ Counties Subregion,Fair,Non-NHS,1725.5,388
2019,NJ Counties Subregion,Good,All,4370.5,413
2019,NJ Counties Subregion,Good,NHS,2836.7,190
2019,NJ Counties Subregion,Good,Non-NHS,1533.8,223
2019,NJ Counties Subregion,Poor,All,589.6,115
2019,NJ Counties Subregion,Poor,NHS,300.1,34
2019,NJ Counties Subregion,Poor,Non-NHS,289.5,81
2019,PA Counties Subregion,All,All,31112.5,3091
2019,PA Counties Subregion,All,NHS,24398.8,1222
2019,PA Counties Subregion,All,Non-NHS,6713.7,1869
2019,PA Counties Subregion,Fair,All,21731.8,1784
2019,PA Counties Subregion,Fair,NHS,18259.8,819
2019,PA Counties Subregion,Fair,Non-NHS,3472.0,965
2019,PA Counties Subregion,Good,All,6104.6,774
2019,PA Counties Subregion,Good,NHS,4221.8,293
2019,PA Counties Subregion,Good,Non-NHS,1882.7,481
2019,PA Counties Subregion,Poor,All,3276.2,533
2019,PA Counties Subregion,Poor,NHS,1917.2,110
2019,PA Counties Subregion,Poor,Non-NHS,1359.0,423
2019,PA Suburban Counties Subregion,All,All,15431.7,2506
2019,PA Suburban Counties Subregion,All,NHS,10690.2,877
2019,PA Suburban Counties Subregion,All,Non-NHS,4741.5,1629
2019,PA Suburban Counties Subregion,Fair,All,9492.5,1396
2019,PA Suburban Counties Subregion,Fair,NHS,7014.1,561
2019,PA Suburban Counties Subregion,Fair,Non-NHS,2478.4,835
2019,PA Suburban Counties Subregion,Good,All,4568.1,669
2019,PA Suburban Counties Subregion,Good,NHS,3104.4,241
2019,PA Suburban Counties Subregion,Good,Non-NHS,1463.8,428
2019,PA Suburban Counties Subregion,Poor,All,1371.0,441
2019,PA Suburban Counties Subregion,Poor,NHS,571.7,75
2019,PA Suburban Counties Subregion,Poor,Non-NHS,799.3,366
2019,Philadelphia County Subregion,All,All,15680.8,585
2019,Philadelphia County Subregion,All,NHS,13708.7,345
2019,Philadelphia County Subregion,All,Non-NHS,1972.2,240
2019,Philadelphia County Subregion,Fair,All,12239.2,388
2019,Philadelphia County Subregion,Fair,NHS,11245.7,258
2019,Philadelphia County Subregion,Fair,Non-NHS,993.5,130
2019,Philadelphia County Subregion,Good,All,1536.4,105
2019,Philadelphia County Subregion,Good,NHS,1117.5,52
2019,Philadelphia County Subregion,Good,Non-NHS,418.9,53
2019,Philadelphia County Subregion,Poor,All,1905.2,92
2019,Philadelphia County Subregion,Poor,NHS,1345.5,35
2019,Philadelphia County Subregion,Poor,Non-NHS,559.7,57
2020,DVRPC Region,All,All,45056.1,4374
2020,DVRPC Region,All,NHS,34771.4,1803
2020,DVRPC Region,All,Non-NHS,10284.7,2571
2020,DVRPC Region,Fair,All,30152.9,2536
2020,DVRPC Region,Fair,NHS,24896.5,1161
2020,DVRPC Region,Fair,Non-NHS,5256.4,1375
2020,DVRPC Region,Good,All,10992.8,1220
2020,DVRPC Region,Good,NHS,7580.4,502
2020,DVRPC Region,Good,Non-NHS,3412.4,718
2020,DVRPC Region,Poor,All,3910.4,618
2020,DVRPC Region,Poor,NHS,2294.5,140
2020,DVRPC Region,Poor,Non-NHS,1615.9,478
2020,NJ Counties Subregion,All,All,13798.4,1271
2020,NJ Counties Subregion,All,NHS,10260.3,582
2020,NJ Counties Subregion,All,Non-NHS,3538.1,689
2020,NJ Counties Subregion,Fair,All,8617.8,742
2020,NJ Counties Subregion,Fair,NHS,6859.2,358
2020,NJ Counties Subregion,Fair,Non-NHS,1758.6,384
2020,NJ Counties Subregion,Good,All,4533.2,420
2020,NJ Counties Subregion,Good,NHS,3042.0,194
2020,NJ Counties Subregion,Good,Non-NHS,1491.1,226
2020,NJ Counties Subregion,Poor,All,647.4,109
2020,NJ Counties Subregion,Poor,NHS,359.0,30
2020,NJ Counties Subregion,Poor,Non-NHS,288.4,79
2020,PA Counties Subregion,All,All,31257.8,3103
2020,PA Counties Subregion,All,NHS,24511.1,1221
2020,PA Counties Subregion,All,Non-NHS,6746.6,1882
2020,PA Counties Subregion,Fair,All,21535.1,1794
2020,PA Counties Subregion,Fair,NHS,18037.3,803
2020,PA Counties Subregion,Fair,Non-NHS,3497.8,991
2020,PA Counties Subregion,Good,All,6459.6,800
2020,PA Counties Subregion,Good,NHS,4538.4,308
2020,PA Counties Subregion,Good,Non-NHS,1921.3,492
2020,PA Counties Subregion,Poor,All,3263.0,509
2020,PA Counties Subregion,Poor,NHS,1935.5,110
2020,PA Counties Subregion,Poor,Non-NHS,1327.5,399
2020,PA Suburban Counties Subregion,All,All,15545.5,2518
2020,PA Suburban Counties Subregion,All,NHS,10779.0,875
2020,PA Suburban Counties Subregion,All,Non-NHS,4766.5,1643
2020,PA Suburban Counties Subregion,Fair,All,9108.8,1406
2020,PA Suburban Counties Subregion,Fair,NHS,6620.0,546
2020,PA Suburban Counties Subregion,Fair,Non-NHS,2488.7,860
2020,PA Suburban Counties Subregion,Good,All,5058.8,692
2020,PA Suburban Counties Subregion,Good,NHS,3559.2,253
2020,PA Suburban Counties Subregion,Good,Non-NHS,1499.6,439
2020,PA Suburban Counties Subregion,Poor,All,1377.9,420
2020,PA Suburban Counties Subregion,Poor,NHS,599.8,76
2020,PA Suburban Counties Subregion,Poor,Non-NHS,778.2,344
2020,Philadelphia County Subregion,All,All,15712.2,585
2020,Philadelphia County Subregion,All,NHS,13732.1,346
2020,Philadelphia County Subregion,All,Non-NHS,1980.1,239
2020,Philadelphia County Subregion,Fair,All,12426.3,388
2020,Philadelphia County Subregion,Fair,NHS,11417.3,257
2020,Philadelphia County Subregion,Fair,Non-NHS,1009.1,131
2020,Philadelphia County Subregion,Good,All,1400.8,108
2020,Philadelphia County Subregion,Good,NHS,979.2,55
2020,Philadelphia County Subregion,Good,Non-NHS,421.6,53
2020,Philadelphia County Subregion,Poor,All,1885.1,89
2020,Philadelphia County Subregion,Poor,NHS,1335.7,34
2020,Philadelphia County Subregion,Poor,Non-NHS,549.4,55
2021,DVRPC Region,All,All,45761.8,4422
2021,DVRPC Region,All,NHS,35357.1,1800
2021,DVRPC Region,All,Non-NHS,10404.7,2622
2021,DVRPC Region,Fair,All,30128.1,2593
2021,DVRPC Region,Fair,NHS,24671.1,1161
2021,DVRPC Region,Fair,Non-NHS,5457.0,1432
2021,DVRPC Region,Good,All,11799.5,1235
2021,DVRPC Region,Good,NHS,8373.1,504
2021,DVRPC Region,Good,Non-NHS,3426.4,731
2021,DVRPC Region,Poor,All,3834.2,594
2021,DVRPC Region,Poor,NHS,2312.9,135
2021,DVRPC Region,Poor,Non-NHS,1521.3,459
2021,NJ Counties Subregion,All,All,13611.4,1268
2021,NJ Counties Subregion,All,NHS,10076.4,581
2021,NJ Counties Subregion,All,Non-NHS,3535.0,687
2021,NJ Counties Subregion,Fair,All,8595.8,747
2021,NJ Counties Subregion,Fair,NHS,6779.3,362
2021,NJ Counties Subregion,Fair,Non-NHS,1816.4,385
2021,NJ Counties Subregion,Good,All,4481.2,416
2021,NJ Counties Subregion,Good,NHS,3025.6,191
2021,NJ Counties Subregion,Good,Non-NHS,1455.7,225
2021,NJ Counties Subregion,Poor,All,534.3,105
2021,NJ Counties Subregion,Poor,NHS,271.5,28
2021,NJ Counties Subregion,Poor,Non-NHS,262.9,77
2021,PA Counties Subregion,All,All,32150.5,3154
2021,PA Counties Subregion,All,NHS,25280.7,1219
2021,PA Counties Subregion,All,Non-NHS,6869.7,1935
2021,PA Counties Subregion,Fair,All,21532.4,1846
2021,PA Counties Subregion,Fair,NHS,17891.8,799
2021,PA Counties Subregion,Fair,Non-NHS,3640.6,1047
2021,PA Counties Subregion,Good,All,7318.3,819
2021,PA Counties Subregion,Good,NHS,5347.5,313
2021,PA Counties Subregion,Good,Non-NHS,1970.8,506
2021,PA Counties Subregion,Poor,All,3299.8,489
2021,PA Counties Subregion,Poor,NHS,2041.4,107
2021,PA Counties Subregion,Poor,Non-NHS,1258.4,382
2021,PA Suburban Counties Subregion,All,All,15704.1,2563
2021,PA Suburban Counties Subregion,All,NHS,10819.4,869
2021,PA Suburban Counties Subregion,All,Non-NHS,4884.8,1694
2021,PA Suburban Counties Subregion,Fair,All,9224.2,1463
2021,PA Suburban Counties Subregion,Fair,NHS,6598.3,547
2021,PA Suburban Counties Subregion,Fair,Non-NHS,2625.8,916
2021,PA Suburban Counties Subregion,Good,All,5196.8,704
2021,PA Suburban Counties Subregion,Good,NHS,3642.9,252
2021,PA Suburban Counties Subregion,Good,Non-NHS,1553.9,452
2021,PA Suburban Counties Subregion,Poor,All,1283.1,396
2021,PA Suburban Counties Subregion,Poor,NHS,578.1,70
2021,PA Suburban Counties Subregion,Poor,Non-NHS,705.0,326
2021,Philadelphia County Subregion,All,All,16446.3,591
2021,Philadelphia County Subregion,All,NHS,14461.4,350
2021,Philadelphia County Subregion,All,Non-NHS,1985.0,241
2021,Philadelphia County Subregion,Fair,All,12308.2,383
2021,Philadelphia County Subregion,Fair,NHS,11293.5,252
2021,Philadelphia County Subregion,Fair,Non-NHS,1014.7,131
2021,Philadelphia County Subregion,Good,All,2121.5,115
2021,Philadelphia County Subregion,Good,NHS,1704.6,61
2021,Philadelphia County Subregion,Good,Non-NHS,416.9,54
2021,Philadelphia County Subregion,Poor,All,2016.7,93
2021,Philadelphia County Subregion,Poor,NHS,1463.3,37
2021,Philadelphia County Subregion,Poor,Non-NHS,553.4,56
2022,DVRPC Region,All,All,46231.8,4423
2022,DVRPC Region,All,NHS,35868.1,1808
2022,DVRPC Region,All,Non-NHS,10363.8,2615
2022,DVRPC Region,Fair,All,30564.5,2619
2022,DVRPC Region,Fair,NHS,24995.0,1179
2022,DVRPC Region,Fair,Non-NHS,5569.5,1440
2022,DVRPC Region,Good,All,12133.5,1250
2022,DVRPC Region,Good,NHS,8713.7,511
2022,DVRPC Region,Good,Non-NHS,3419.8,739
2022,DVRPC Region,Poor,All,3533.9,554
2022,DVRPC Region,Poor,NHS,2159.4,118
2022,DVRPC Region,Poor,Non-NHS,1374.5,436
2022,NJ Counties Subregion,All,All,13767.1,1269
2022,NJ Counties Subregion,All,NHS,10282.9,588
2022,NJ Counties Subregion,All,Non-NHS,3484.2,681
2022,NJ Counties Subregion,Fair,All,8783.8,759
2022,NJ Counties Subregion,Fair,NHS,6964.1,376
2022,NJ Counties Subregion,Fair,Non-NHS,1819.7,383
2022,NJ Counties Subregion,Good,All,4423.2,408
2022,NJ Counties Subregion,Good,NHS,3006.1,183
2022,NJ Counties Subregion,Good,Non-NHS,1417.1,225
2022,NJ Counties Subregion,Poor,All,560.2,102
2022,NJ Counties Subregion,Poor,NHS,312.7,29
2022,NJ Counties Subregion,Poor,Non-NHS,247.4,73
2022,PA Counties Subregion,All,All,32464.7,3154
2022,PA Counties Subregion,All,NHS,25585.1,1220
2022,PA Counties Subregion,All,Non-NHS,6879.6,1934
2022,PA Counties Subregion,Fair,All,21780.7,1860
2022,PA Counties Subregion,Fair,NHS,18030.9,803
2022,PA Counties Subregion,Fair,Non-NHS,3749.9,1057
2022,PA Counties Subregion,Good,All,7710.3,842
2022,PA Counties Subregion,Good,NHS,5707.6,328
2022,PA Counties Subregion,Good,Non-NHS,2002.7,514
2022,PA Counties Subregion,Poor,All,2973.7,452
2022,PA Counties Subregion,Poor,NHS,1846.7,89
2022,PA Counties Subregion,Poor,Non-NHS,1127.0,363
2022,PA Suburban Counties Subregion,All,All,15963.1,2566
2022,PA Suburban Counties Subregion,All,NHS,11057.5,873
2022,PA Suburban Counties Subregion,All,Non-NHS,4905.6,1693
2022,PA Suburban Counties Subregion,Fair,All,9307.1,1473
2022,PA Suburban Counties Subregion,Fair,NHS,6673.0,549
2022,PA Suburban Counties Subregion,Fair,Non-NHS,2634.2,924
2022,PA Suburban Counties Subregion,Good,All,5474.5,723
2022,PA Suburban Counties Subregion,Good,NHS,3891.4,264
2022,PA Suburban Counties Subregion,Good,Non-NHS,1583.1,459
2022,PA Suburban Counties Subregion,Poor,All,1181.5,370
2022,PA Suburban Counties Subregion,Poor,NHS,493.1,60
2022,PA Suburban Counties Subregion,Poor,Non-NHS,688.4,310
2022,Philadelphia County Subregion,All,All,16501.6,588
2022,Philadelphia County Subregion,All,NHS,14527.6,347
2022,Philadelphia County Subregion,All,Non-NHS,1973.9,241
2022,Philadelphia County Subregion,Fair,All,12473.6,387
2022,Philadelphia County Subregion,Fair,NHS,11357.9,254
2022,Philadelphia County Subregion,Fair,Non-NHS,1115.7,133
2022,Philadelphia County Subregion,Good,All,2235.7,119
2022,Philadelphia County Subregion,Good,NHS,1816.1,64
2022,Philadelphia County Subregion,Good,Non-NHS,419.6,55
2022,Philadelphia County Subregion,Poor,All,1792.2,82
2022,Philadelphia County Subregion,Poor,NHS,1353.6,29
2022,Philadelphia County Subregion,Poor,Non-NHS,438.6,53
2023,DVRPC Region,All,All,48215.2,4438
2023,DVRPC Region,All,NHS,37799.2,1814
2023,DVRPC Region,All,Non-NHS,10416.1,2624
2023,DVRPC Region,Fair,All,33101.1,2669
2023,DVRPC Region,Fair,NHS,27416.2,1193
2023,DVRPC Region,Fair,Non-NHS,5684.9,1476
2023,DVRPC Region,Good,All,12097.8,1231
2023,DVRPC Region,Good,NHS,8722.3,502
2023,DVRPC Region,Good,Non-NHS,3375.6,729
2023,DVRPC Region,Poor,All,3016.3,538
2023,DVRPC Region,Poor,NHS,1660.7,119
2023,DVRPC Region,Poor,Non-NHS,1355.6,419
2023,NJ Counties Subregion,All,All,13764.5,1272
2023,NJ Counties Subregion,All,NHS,10240.1,586
2023,NJ Counties Subregion,All,Non-NHS,3524.5,686
2023,NJ Counties Subregion,Fair,All,8888.1,776
2023,NJ Counties Subregion,Fair,NHS,6961.4,378
2023,NJ Counties Subregion,Fair,Non-NHS,1926.7,398
2023,NJ Counties Subregion,Good,All,4319.3,396
2023,NJ Counties Subregion,Good,NHS,2965.1,179
2023,NJ Counties Subregion,Good,Non-NHS,1354.2,217
2023,NJ Counties Subregion,Poor,All,557.2,100
2023,NJ Counties Subregion,Poor,NHS,313.6,29
2023,NJ Counties Subregion,Poor,Non-NHS,243.6,71
2023,PA Counties Subregion,All,All,34450.7,3166
2023,PA Counties Subregion,All,NHS,27559.1,1228
2023,PA Counties Subregion,All,Non-NHS,6891.6,1938
2023,PA Counties Subregion,Fair,All,24213.0,1893
2023,PA Counties Subregion,Fair,NHS,20454.8,815
2023,PA Counties Subregion,Fair,Non-NHS,3758.2,1078
2023,PA Counties Subregion,Good,All,7778.6,835
2023,PA Counties Subregion,Good,NHS,5757.2,323
2023,PA Counties Subregion,Good,Non-NHS,2021.4,512
2023,PA Counties Subregion,Poor,All,2459.1,438
2023,PA Counties Subregion,Poor,NHS,1347.1,90
2023,PA Counties Subregion,Poor,Non-NHS,1112.0,348
2023,PA Suburban Counties Subregion,All,All,16736.5,2573
2023,PA Suburban Counties Subregion,All,NHS,11837.0,877
2023,PA Suburban Counties Subregion,All,Non-NHS,4899.4,1696
2023,PA Suburban Counties Subregion,Fair,All,10207.1,1507
2023,PA Suburban Counties Subregion,Fair,NHS,7555.1,560
2023,PA Suburban Counties Subregion,Fair,Non-NHS,2652.0,947
2023,PA Suburban Counties Subregion,Good,All,5305.8,706
2023,PA Suburban Counties Subregion,Good,NHS,3721.4,251
2023,PA Suburban Counties Subregion,Good,Non-NHS,1584.4,455
2023,PA Suburban Counties Subregion,Poor,All,1223.6,360
2023,PA Suburban Counties Subregion,Poor,NHS,560.6,66
2023,PA Suburban Counties Subregion,Poor,Non-NHS,663.0,294
2023,Philadelphia County Subregion,All,All,17714.2,593
2023,Philadelphia County Subregion,All,NHS,15722.0,351
2023,Philadelphia County Subregion,All,Non-NHS,1992.2,242
2023,Philadelphia County Subregion,Fair,All,14006.0,386
2023,Philadelphia County Subregion,Fair,NHS,12899.7,255
2023,Philadelphia County Subregion,Fair,Non-NHS,1106.2,131
2023,Philadelphia County Subregion,Good,All,2472.8,129
2023,Philadelphia County Subregion,Good,NHS,2035.8,72
2023,Philadelphia County Subregion,Good,Non-NHS,437.0,57
2023,Philadelphia County Subregion,Poor,All,1235.5,78
2023,Philadelphia County Subregion,Poor,NHS,786.5,24
2023,Philadelphia County Subregion,Poor,Non-NHS,448.9,54
2024,DVRPC Region,All,All,45956.9,4453
2024,DVRPC Region,All,NHS,35562.8,1810
2024,DVRPC Region,All,Non-NHS,10394.1,2643
2024,DVRPC Region,Fair,All,30958.0,2713
2024,DVRPC Region,Fair,NHS,25179.2,1200
2024,DVRPC Region,Fair,Non-NHS,5778.8,1513
2024,DVRPC Region,Good,All,11954.0,1224
2024,DVRPC Region,Good,NHS,8648.8,488
2024,DVRPC Region,Good,Non-NHS,3305.2,736
2024,DVRPC Region,Poor,All,3044.9,516
2024,DVRPC Region,Poor,NHS,1734.8,122
2024,DVRPC Region,Poor,Non-NHS,1310.1,394
2024,NJ Counties Subregion,All,All,13773.3,1274
2024,NJ Counties Subregion,All,NHS,10230.0,585
2024,NJ Counties Subregion,All,Non-NHS,3543.3,689
2024,NJ Counties Subregion,Fair,All,8842.3,786
2024,NJ Counties Subregion,Fair,NHS,6883.9,379
2024,NJ Counties Subregion,Fair,Non-NHS,1958.4,407
2024,NJ Counties Subregion,Good,All,4265.0,391
2024,NJ Counties Subregion,Good,NHS,2924.5,175
2024,NJ Counties Subregion,Good,Non-NHS,1340.5,216
2024,NJ Counties Subregion,Poor,All,665.9,97
2024,NJ Counties Subregion,Poor,NHS,421.5,31
2024,NJ Counties Subregion,Poor,Non-NHS,244.4,66
2024,PA Counties Subregion,All,All,32183.6,3179
2024,PA Counties Subregion,All,NHS,25332.8,1225
2024,PA Counties Subregion,All,Non-NHS,6850.8,1954
2024,PA Counties Subregion,Fair,All,22115.7,1927
2024,PA Counties Subregion,Fair,NHS,18295.3,821
2024,PA Counties Subregion,Fair,Non-NHS,3820.3,1106
2024,PA Counties Subregion,Good,All,7689.0,833
2024,PA Counties Subregion,Good,NHS,5724.3,313
2024,PA Counties Subregion,Good,Non-NHS,1964.7,520
2024,PA Counties Subregion,Poor,All,2379.0,419
2024,PA Counties Subregion,Poor,NHS,1313.2,91
2024,PA Counties Subregion,Poor,Non-NHS,1065.7,328
2024,PA Suburban Counties Subregion,All,All,16053.5,2594
2024,PA Suburban Counties Subregion,All,NHS,11183.6,881
2024,PA Suburban Counties Subregion,All,Non-NHS,4869.9,1713
2024,PA Suburban Counties Subregion,Fair,All,9653.5,1552
2024,PA Suburban Counties Subregion,Fair,NHS,6941.7,576
2024,PA Suburban Counties Subregion,Fair,Non-NHS,2711.8,976
2024,PA Suburban Counties Subregion,Good,All,5141.3,700
2024,PA Suburban Counties Subregion,Good,NHS,3613.6,237
2024,PA Suburban Counties Subregion,Good,Non-NHS,1527.7,463
2024,PA Suburban Counties Subregion,Poor,All,1258.6,342
2024,PA Suburban Counties Subregion,Poor,NHS,628.3,68
2024,PA Suburban Counties Subregion,Poor,Non-NHS,630.3,274
2024,Philadelphia County Subregion,All,All,16130.1,585
2024,Philadelphia County Subregion,All,NHS,14149.2,344
2024,Philadelphia County Subregion,All,Non-NHS,1980.9,241
2024,Philadelphia County Subregion,Fair,All,12462.1,375
2024,Philadelphia County Subregion,Fair,NHS,11353.6,245
2024,Philadelphia County Subregion,Fair,Non-NHS,1108.5,130
2024,Philadelphia County Subregion,Good,All,2547.6,133
2024,Philadelphia County Subregion,Good,NHS,2110.7,76
2024,Philadelphia County Subregion,Good,Non-NHS,437.0,57
2024,Philadelphia County Subregion,Poor,All,1120.4,77
2024,Philadelphia County Subregion,Poor,NHS,684.9,23
2024,Philadelphia County Subregion,Poor,Non-NHS,435.4,54
